"Acupressure, 20 PP; Status, Normal; 10ft. Target, which can be user or ally, increases one of its stats by 2 stages, randomly chosen each time."
"After You, 20 PP; Status, Normal; 30ft. Target will move next in the initiative order after this Pokémon's turn, regardless of the initiative order. This move has priority."
"Assist, 10 PP; Status, Normal; Self. Selects from a random move that its party members know, choosing from every move the Pokémon in the party knows."
"Attract, 10 PP; Status, Normal; 30ft. Make an attack roll using Special Attack. On hit, the target is infatuated, bypasses Substitute."
"Barrage, 15 PP; Physical, Normal; 30ft. Roll a d4+1, making a number of attacks equal to the roll. Deals 1d6 + Attack modifier damage."
"Baton Pass, 30 PP; Status, Normal; Self. The user swaps out of battle to an ally, transferring all negative and positive stat changes, or moves a number of feet equal to double its walking speed and transfers stat changes to a Pokémon within 10 feet of where it stops."
"Belly Drum, 5 PP; Status, Normal; Self. Reducers the user's HP by half of its max HP, but its attack is maximized to +6 stages. Cannot be used if at or below half HP."
"Bestow, 10 PP; Status, Normal; 30ft. User forcibly gives a held item it has to a foe. Cannot be used if the user doesn't have any held items to give, or if the foe already has a held item."
"Bide, 10 PP; Physical, Normal; Self. User enters a state of biding for 3 turns. On the turn it uses the move and second turn, it does nothing and bides its time. On the 3rd turn, it deals damage equal to double the damage total damage it took to a single target."
"Bind, 15 PP; Physical, Normal; Melee. Deals 1d4 + Attack modifier damage, and on hit, roll a 1d4+1, binding the target for that amount of turns. Each turn while binded, user and target cannot move from their spaces until unbinded."
"Block, 5 PP; Status, Normal; 30ft. Make an attack roll using Attack. On hit, blocks the foe and prevents it from switching out or moving outside of a 30 foot radius of the user."
"Blood Moon, 5 PP; Special, Normal; 30ft. Deals 5d12 + Special Attack modifier damage, and the move can only be used every other turn."
"Body Slam, 10 PP; Physical, Normal; Melee. Deals 3d12 + Attack modifier damage. On hit, roll a d10. On an 8-10, the target is paralyzed."
"Boomburst, 10 PP; Special, Normal; 15ft radius. Make a separate attack on each target. Deals 5d10 + Special Attack modifier damage."
"Breakneck Blitz; Physical or Special, Normal; Melee. Normal type Z-Move. On hit, deals 8d12 + Attack or Special Attack modifier damage."
"Camouflage, 20 PP; Status, Normal; Self. Changes to a single typing depending on the environment. Ex., Water type at a beach or Rock type on a mountain."
"Captivate, 20 PP; Status, Normal; 30ft. Make an attack roll using Special Attack. On hit, lowers the Special Attack of the target by 2 stages if they are opposite gender to the user."
"Celebrate, 30 PP; Status, Normal; Self. User celebrates some great accomplishment. Woohoo! Does nothing. Good job."
"Chip Away, 20 PP; Physical, Normal; Melee. Ignores any temporary Defense or other AC boosts of the target. Deals 2d12 + Attack modifier damage."
"Comet Punch, 15 PP; Physical, Normal; Melee. Roll a d4+1, making a number of attacks equal to the roll. Deals 1d6 + Attack modifier damage, and each attack can target a different individual."
"Confide, 20 PP; Status, Normal; 30ft. Make an attack roll using Special Attack. Lower's the target's Special Attack by 1 stage."
"Constrict, 30 PP; Physical, Normal; Melee. Deals 1d6 + Attack modifier damage, and on hit, roll a 1d10. On a 10, the target's speed is lowered by 1 stage."
"Conversion, 30 PP; Status, Normal; Self. Changes the user's type to a typing of one of the user's moves of the user's choosing."
"Conversion 2, 30 PP; Status, Normal; 20ft. Targets a foe, changing the user to a type that would be immune to or resist the move it last used: ex., if the target last used an Electric type move, user would change to Ground type."
"Copycat, 20 PP; Status, Normal; 30ft. Uses the move that was last used by the target."
"Covet, 20 PP; Physical, Normal; Melee. Deals 2d10 + Attack modifier damage and steals the target's held item if it has one and if the user isn't holding an item."
"Crush Claw, 10 PP; Physical, Normal; Melee. Deals 3d10 + Attack modifier damage, and on hit, roll a d20. On even numbers, lower the target's Defense by 1 stage."
"Crush Grip, 5 PP; Physical, Normal; Melee. Deals 5d10 + Attack modifier damage if target is at full HP, 3d10 + Attack modifier damage if target is above half HP, or 1d12 + Attack modifier damage if the target is below half HP."
"Cut, 30 PP; Physical, Normal; Melee. Deals 2d10 + Attack modifier damage to target."
"Defense Curl, 40 PP; Status, Normal; Self. Increases user's Defense by 1 stage, and the next use of Rollout or Ice Ball gains an additional damage die."
"Disable, 20 PP; Status, Normal; 30ft. Make an attack roll using Special Attack, and on hit, disables the last move the target used, making them unable to use it for 3 turns."
"Dizzy Punch, 10 PP; Physical, Normal; Melee. Deals 3d10 + Attack modifier damage to target, and on hit, roll a d10. On a 9 or 10, the target is confused."
"Doodle, 10 PP; Status, Normal; 20ft. Copies a single foe's abilities onto the user and onto all willing allies within 15ft of the user."
"Double Hit, 10 PP; Physical, Normal; Melee. Make two attack rolls. Deals 1d12 + Attack modifier damage."
"Double Slap, 10 PP; Physical, Normal; Melee. Roll a d4+1, making a number of attacks equal to the roll. Deals 1d6 + Attack modifier damage."
"Double Team, 5 PP; Status, Normal; Self. Until the end of the user's next turn, all attacks made against it are at disadvantage."
"Double Edge, 15 PP; Physical, Normal; Melee. Deals 5d12 + Attack modifier damage, user takes recoil equal to 1/3 of the damage dealt."
"Echoed Voice, 15 PP; Special, Normal; 30ft. Deals 1d6 + Special Attack modifier damage to foe. Each consecutive round this move is used, the move gains an additional die of damage, up to a maximum of 6d6 + Special Attack modifier damage."
"Egg Bomb, 10 PP; Physical, Normal; 20ft. Deals 4d10 + Attack modifier damage."
"Encore, 5 PP; Status, Normal; 30ft. Make an attack roll using Special Attack, and on hit, forces the target to use the move it last used for 3 turns before being freed from the encore."
"Endeavor, 5 PP; Physical, Normal; Melee. Reduces foe's HP to the user's current HP."
"Endure, 3 PP; Status, Normal; Self. As a reaction against being dealt damage that would cause the user to fall to or below 0 HP, it instead stays up at 1 HP, and cannot fall below 1 HP until the end of the round."
"Entrainment, 15 PP; Status, Normal; 30ft. Changes target's ability to the user's. If the target has multiple abilities, it can change different abilities with each use."
"Explosion, 3 PP; Physical, Normal; 30ft radius. Make a separate attack on each target. Deals 9d10 + Attack modifier damage, and the user faints. If the move misses a target, it deals half damage instead."
"Extreme Evoboost; Status, Normal; Self. Eevee only Z-Move, while using Last Resort. Increases the user's Attack, Defense, Special Attack, Special Defense, and Speed by 2 stages each."
"Extreme Speed, 5 PP; Physical, Normal; 20ft. The user moves adjacent to the target before making the attack roll. Deals 3d12 + Attack modifier damage, and the move has priority."
"Facade, 20 PP; Physical, Normal; Melee. Deals 2d10 + Attack modifier damage. Increases to 4d10 + Attack modifier damage if the user is burned, paralyzed, or poisoned."
"Fake Out, 10 PP; Physical, Normal; Melee. Deals 1d10 + Attack modifier damage and causes target to flinch and has priority. Can only be used on the first turn the Pokémon is active in a battle."
"False Swipe, 30 PP; Physical, Normal; Melee. Deals 1d10 + Attack modifier damage, cannot damage a foe below 1 HP."
"Feint, 15 PP; Physical, Normal; Melee. Deals 1d12 + Attack modifier damage, and on hit, the target cannot take reactions until the end of its next turn."
"Fillet Away, 10 PP; Status, Normal; Self. User takes damage equal to half of its max HP and increases its Attack, Special Attack and Speed by 2 stages."
"Flail, 15 PP; Physical, Normal; Melee. Deals 5d10 + Attack modifier damage if user is at or below 1/4 max HP, 3d10 + Attack modifier damage if user is below half HP, 1d12 + Attack modifier damage if the user is above half HP, or 1d12 + Attack modifier damage if the user is at full HP."
"Flash, 20 PP; Status, Normal; 10ft radius. All targets in range must make a Concentration check vs. user's Style check. On a fail, targets have disadvantage on their next attack roll."
"Focus Energy, 10 PP; Status, Normal; Self. Increases the user's critical hit range by 2 (ex from 20 to 18-20). Cannot be stacked."
"Follow Me, 20 PP; Status, Normal; 30ft radius. Make a separate attack on each target, with an attack roll using Special Attack. On hit, targets must move toward and attack the target during the round, and this attack has priority. Allies are immune to the effects of this move."
"Foresight, 20 PP; Status, Normal; 20ft. Make an attack roll using Special Attack, and on hit, the user can hit Ghost types with Normal and Fighting moves, and all attacks made against the target for the rest of combat ignore boosts to evasion."
"Frustration, 20 PP; Physical, Normal; Melee. Deals 5d10 + Attack modifier damage if user hates its trainer, 3d10 + Attack modifier damage if user strongly dislikes its trainer, 2d8 + Attack modifier damage if the user dislikes its trainer or 1d10 + Attack modifier damage if the user is neutral toward its trainer."
"Fury Attack, 20 PP; Physical, Normal; Melee. Roll a d4+1, making a number of attacks equal to the roll. Deals 1d6 + Attack modifier damage."
"Fury Swipes, 20 PP; Physical, Normal; Melee. Roll a d4+1, making a number of attacks equal to the roll. Deals 1d6 + Attack modifier damage."
"G-Max Cuddle; Physical or Special, Normal; 50ft. Eevee's Gigantamax move. Deals 6d10 + Attack or Special Attack modifier damage and infatuates the target if it is of the opposite gender."
"G-Max Gold Rush; Physical or Special, Normal; 50ft. Meowth's Gigantamax move. Deals 6d10 + Attack or Special Attack modifier damage and confuses target, scattering coins and earning an additional 25% Poké after a battle."
"G-Max Replenish; Physical or Special, Normal; 50ft. Snorlax's Gigantamax move. Deals 6d10 + Attack or Special Attack modifier damage and rolling a d20 for the user and each of its allies. On evens, restores any berries consumed by the user and/or its allies."
"Giga Impact, 3 PP; Physical, Normal; Melee. Deals 7d12 + Attack modifier damage and forces the user to skip its next turn to recharge."
"Glare, 20 PP; Status, Normal; 30ft. Make an attack roll using Attack. On hit, the target is paralyzed."
"Growl, 30 PP; Status, Normal; 15ft cone. Make an attack roll using Attack on each foe in range. On hit, reduce the target's Attack by 1 stage. Allies are immune to the effects of this move."
"Growth, 20 PP; Status, Normal; Self. Increases user's Attack and Special Attack by 1 stage."
"Guillotine, 5 PP; Physical, Normal; Melee. Roll a d100. On a roll of 96 or higher, the target instantly faints."
"Happy Hour, 1 PP; Status, Normal; Self. Doubles prize money earned after a battle. Does not stack with certain features and other moves that increase prize money."
"Harden, 20 PP; Status, Normal; Self. Increases user's Defense by 1 stage."
"Head Charge, 15 PP; Physical, Normal; Melee. Deals 5d10 + Attack modifier damage, user takes recoil equal to 1/4 of the damage dealt."
"Headbutt, 15 PP; Physical, Normal; Melee. Deals 3d10 + Attack modifier damage, and on hit, roll a d10. On an 8-10, the target flinches."
"Heal Bell, 1 PP; Status, Normal; 15ft radius. Heals the user, allies, and Pokémon in the trainer's party in range of their status conditions."
"Helping Hand, 20 PP; Status, Normal; 30ft. Grants an ally's next attack an additional two damage dice, and this move has priority."
"Hidden Power, 20 PP; Special, Varies; 30ft. The user's Hidden Power typing is random depending on the Pokémon itself, usually determined by the GM. Deals 3d10 + Special Attack modifier damage."
"Hold Back, 30 PP; Physical, Normal; Melee. Deals 1d10 + Attack modifier damage, cannot damage a foe below 1 HP."
"Hold Hands, 40 PP; Status, Normal; Melee. Must have an ally on the field. Holds hands with one or more allies in a show of sheer friendship and fleeting comfort. This move is useless and only provides fleeting comfort."
"Horn Attack, 20 PP; Physical, Normal; Melee. Deals 2d12 + Attack modifier damage."
"Horn Drill, 5 PP; Physical, Normal; Melee. Roll a d100. On a roll of 96 or higher, the target instantly faints."
"Howl, 30 PP; Status, Normal; Self. Raises user's Attack by 1 stage."
"Hyper Beam, 3 PP; Special, Normal; 50ft line. Make a separate attack on each target. Deals 7d10 + Special Attack modifier damage and forces the user to skip its next turn to recharge."
"Hyper Drill, 5 PP; Physical, Normal; 20ft line. The user moves to the end of the line as part of the attack. Deals 5d10 + Attack modifier damage and ignores moves such as Protect and Detect."
"Hyper Fang, 10 PP; Physical, Normal; Melee. Deals 4d10 + Attack modifier damage, and on hit, roll a d10. On a 10, the target flinches."
"Hyper Voice, 10 PP; Special, Normal ; 15ft radius. Make a separate attack on each target. Deals 4d10 + Special Attack modifier damage."
"Judgement, 10 PP; Special, Normal; 30ft radius. Make a separate attack on each target. Deals 6d10 + Special Attack modifier damage."
"Laser Focus, 20 PP; Status, Normal; Self. Attacks made by the user result in a critical hit until the end of its next turn."
"Last Resort, 5 PP; Physical, Normal; 15ft. Can only be used if the user has used all of its other moves at least once. Deals 5d10 + Attack modifier damage."
"Leer, 30 PP; Status, Normal; 15ft cone. Make an attack roll using Attack on each foe in range. Each attack that succeeds reduces the target's Defense by 1 stage. Allies are immune to the effects of this move."
"Lock-On, 3 PP; Status, Normal; Self. All of the user's attacking moves will automatically hit a target until the end of the next round."
"Lovely Kiss, 10 PP; Status, Normal; 10ft. Make an attack roll using Special Attack. On a hit, the target falls asleep."
"Lucky Chant, 3 PP; Status, Normal; Self. The user and its allies are immune to extra damage dealt by critical hits for 5 rounds."
"Max Guard; Status, Normal; Self. Can only be used while Dynamaxed. Protects the user from all damage until the end of the round, and the move has priority."
"Max Strike; Physical or Special, Normal; 50ft. Can only be used while Dynamaxed. Deals 5d10 + Attack or Special Attack modifier damage and lowers the Speed of all foes by 1 stage."
"Me First, 20 PP; Status, Normal; 30ft. If the target hasn't acted, the user chooses one of the attacking moves the target knows and uses it, gaining an additional damage die and dealing damage equal to the move's damage + the user's Attack or Special Attack modifier."
"Mean Look, 20 PP; Status, Normal; 30ft. Prevents the target from switching out and from moving outside of a 30ft radius of the user."
"Mega Kick, 5 PP; Physical, Normal; Melee. Deals 5d12 + Attack modifier damage."
"Mega Punch, 20 PP; Physical, Normal; Melee. Deals 4d10 + Attack modifier damage."
"Metronome, 10 PP; Status, Normal; Varies. The user uses a random move."
"Milk Drink, 1 PP; Status, Normal; Self. Restores HP equal to half of its max HP."
"Mimic, 10 PP; Status, Normal; 30ft. The target copies one of the foe's moves at random, and it replaces this move until the end of combat. Moves copied in this way only have 3 PP if they normally have more than that."
"Mind Reader, 3 PP; Status, Normal; 30ft. All of the user's attacking moves will automatically hit the target until the end of the next round."
"Minimize, 10 PP; Status, Normal; Self. Increase Pokémon's evasion by 1 stage, causing all attacks against this Pokémon to have -1 attack rolls per stage."
"Morning Sun, 1 PP; Status, Normal; Self. In normal weather, restores 1/2 of max HP, in harsh sunlight, restores 2/ 3 of max HP, and restores 1/4 of max HP in other weather."
"Multi-Attack, 10 PP; Physical, Normal; Melee. Deals 5d10 + Attack modifier damage, the type of damage changing depending on the memory the user holds."
"Nature Gift, 10 PP; Physical, Normal; 30ft. Deals damage using held berry, and the user must be holding a berry to use this move."
"Nature Power, 20 PP; Special, Normal; Melee. Deals damage depending on the terrain."
"Noble Roar, 20 PP; Status, Normal; 30ft. Make an attack roll using Special Attack, and on hit, hit, the target has Attack and Special Attack lowered by 1 stage."
"Odor Sleuth, 3 PP; Status, Normal; 30ft. Make an attack roll using Attack, and on hit, the user has advantage on attack rolls against the target until the end of the user's next turn."
"Pain Split, 3 PP; Status, Normal; 30ft. Make an attack roll using Special Attack, and on hit, the user and target's HP are added together, divided by 2, and then that value becomes the HP of both the user and target."
"Pay Day, 3 PP; Physical, Normal; 30ft. Deals 1d10 + Attack modifier damage and earns an additional 25% Poké after combat."
"Perish Song, 5 PP; Status, Normal; 50ft radius. make a separate attack using Special Attack on each target. Puts a perish counter on all targets in range, starting at 4. At the end of each round, the perish counter decreases by 1, and when the perish counter hits 0, affected targets are reduced to 0 HP."
"Play Nice, 20 PP; Status, Normal; 30ft. Make an attack roll using Special Attack. On hit, lowers the target's Attack by 1 stage."
"Population Bomb, 10 PP; Physical, Normal; 15ft. Deals 1d4 + Attack modifier damage on hit, guaranteeing two attack rolls. Make attack rolls until one misses, up to a maximum of 10 total attacks."
"Pound, 20 PP; Physical, Normal; Melee. Deals 1d10 + Attack modifier damage."
"Power Shift, 5 PP; Status, Normal; Self. Swaps the user's Attack and Special Attack with its Defense and Special Defense."
"Present, 15 PP; Physical, Normal; 20ft. On hit, roll a d10. On a 1-2, heals the target for 1/4 of its max HP, on a 3-7, deals 1d10 + Attack modifier damage, on an 8-9, deals 2d10 + Attack modifier damage, and on a 10, deals 3d12 + Attack modifier damage."
"Protect, 3 PP; Status, Normal; Self. Uses a reaction to block an attack or move completely when hit. This only blocks the move that Protect is used on."
"Psych Up, 10 PP; Status, Normal; 30ft. The user resets its own stat changes and copies the target's stat changes to its own."
"Pulverizing Pancake; Physical, Normal; Melee. Snorlax's Z-Move, using Giga Impact. User can move a number of feet up to double the user's walking speed before making the attack roll. Deals 9d12 + Attack modifier damage."
"Quick Attack, 20 PP; Physical, Normal; Melee. User can move a number of feet up to the user's walking speed before making the attack roll. Deals 1d10 + Attack modifier damage, and the move has priority."
"Rage, 20 PP; Physical, Normal; Melee. Deals 1d10 + Attack modifier damage. For each consecutive turn the user uses Rage, each time the user is hit, Rage gains an additional damage die. These additional damage die reset when the user uses a move other than Rage."
"Raging Bull, 10 PP; Physical, Normal; 30ft line. Make a separate attack on each target, moving to the end of the line. Deals 4d12 + Attack modifier damage, and removes the effects of Reflect, Light Screen, and Aurora Veil."
"Rapid Spin, 20 PP; Physical, Normal; Melee. Deals 2d10 + Attack modifier damage and clears all binding moves and Leech Seed from the user, and field affects like Stealth Rock and Spikes within 10 feet of the user."
"Razor Wind, 10 PP; Special, Normal; 20ft cone. Upon using this move, the user ends its turn, and on its next turn, it makes a separate attack on each target. Deals 4d10 + Special Attack modifier damage."
"Recover, 1 PP; Status, Normal; Self. Restores HP equal to half of the user's maximum HP."
"Recycle, 5 PP; Status, Normal; Self. Restores the last expended held item, such as a berry, able to use it again."
"Reflect Type, 10 PP; Status, Normal; 30ft. Changes the user's typing to the target's."
"Refresh, 3 PP; Status, Normal; Self. Cures the user of a burn, paralysis or poison."
"Relic Song, 10 PP; Special, Normal; 20ft radius. Make a separate attack on each target. Deals 4d10 + Special Attack modifier damage, and on hit, roll a d10. On a 10, the target is put to sleep, and if used by Meloetta, it changes between Aria and Pirouette form."
"Retaliate, 3 PP; Physical, Normal; Melee. Deals 3d12 + Attack modifier damage, or 5d12 + Attack modifier damage if an ally has been knocked out in the current or last round."
"Return, 20 PP; Physical, Normal; Melee. Deals 5d12 + Attack modifier damage if user adores its trainer, 4d10 + Attack modifier damage if user strongly likes its trainer, 2d10 + Attack modifier damage if the user likes its trainer or 1d12 + Attack modifier damage if the user is neutral toward its trainer."
"Revelation Dance, 15 PP; Special, Normal; 20ft cone. Make a separate attack on each target. Deals 5d10 + Special Attack modifier damage, the type changing depending on the user's primary type."
"Revival Blessing, 1 PP; Status, Normal; 10ft. Revives a knocked out target to half of its maximum HP, or a trainer to full HP. Can also be used on a creature who has died within the past day to revive them back to life, causing the user to forget this move instantly and be unable to relearn it."
"Roar, 10 PP; Status, Normal; 15ft radius. Make an Attack based attack roll on each target. All targets hit are automatically switched out to their trainers, or must move their maximum movement distance away from the user."
"Rock Climb, 20 PP; Physical, Normal; 15ft.The user moves adjacent to the target before making the attack roll. Deals 4d12 + Attack modifier damage, and on hit, roll a d10. On a 9-10, the target is confused."
"Round, 15 PP; Special, Normal; 15ft cone. Make a separate attack on each target. Deals 2d10 + Special Attack modifier damage. If another individual already used Round, this Pokémon can take its turn to use Round at 4d10 + Special Attack modifier damage, and all other individuals who use Round after the first deal the increased damage."
"Safeguard, 10 PP; Status, Normal; 15ft. User chooses up to 5 targets in range, including itself. Targets become immune to non-volatile status conditions and confusion for 5 rounds."
"Scary Face, 10 PP; Status, Normal; 30ft. Make an attack roll using Attack, and on hit, its Speed is reduced by 2 stages."
"Scratch, 20 PP; Physical, Normal; Melee. 1d10 + Attack modifier damage on hit."
"Screech, 10 PP; Status, Normal; 30ft. Make an attack roll using Attack, and on hit, reduce the target's Defense by 2 stages."
"Secret Power, 20 PP; Physical, Normal; 15ft. Deals 4d10 + Attack modifier damage, and on hit, roll a d10. On an 8-10, causes a secondary effect depending on the environment."
"Self-Destruct, 3 PP; Physical, Normal; 30ft radius. Make a separate attack on each target. Deals 7d12 + Attack modifier damage, and the user faints. If the move misses a target, it deals half damage instead."
"Sharpen, 30 PP; Status, Normal; Self. Raises user's Attack by 1 stage."
"Shed Tail, 3 PP; Status, Normal; Self. User takes damage equal to half of its max HP and creates a substitute. The substitute has HP equal to the amount of HP expended by the user to create the substitute. When individuals try to attack the user, it must attack the substitute instead. The user can attack as normal, and any Pokémon that switches in place of the user while the substitute is active gains the substitute."
"Shell Smash, 5 PP; Status, Normal; Self. Decreases the user's Defense and Special Defense by 1 stage, but increases the user's Attack, Special Attack and Speed by 2 stages."
"Simple Beam, 3 PP; Status, Normal; 30ft. Make an attack roll using Special Attack, and on hit, changes the target's ability to Simple."
"Sing, 5 PP; Status, Normal; 15ft radius. make a separate attack using Special Attack on each target. On hit, targets fall asleep."
"Sketch, 1 PP; Status, Normal; 30ft. Sketches a move that the target used, replacing Sketch with that move."
"Skull Bash, 10 PP; Physical, Normal; Melee. Raises user's Defense by 1 stage and ends its turn. On next turn, attacks and deals 5d10 + Attack modifier damage."
"Slack Off, 1 PP; Status, Normal; Self. Restores HP equal to half of the user's max HP."
"Slam, 20 PP; Physical, Normal; Melee. Deals 4d10 + Attack modifier damage."
"Slash, 20 PP; Physical, Normal; Melee. Deals 3d12 + Attack modifier damage, and this move crits on an attack roll of 19-20."
"Sleep Talk, 10 PP; Status, Normal; Self. Uses one of the other moves the user knows at random, only if the user is asleep."
"Smelling Salts, 10 PP; Physical, Normal; 15ft. Deals 3d12 + Attack modifier damage, or 6d12 + Attack modifier damage if target is paralyzed, curing it of paralysis."
"Smokescreen, 3 PP; Status, Normal; 25ft radius. Creates a cloud of smoke centered on the user. User is immune to the move, but all individuals within the smokescreen or trying to attack Pokémon in the smokescreen have their vision obscured - only able to see 10 feet in front of them while in the smoke - and all attack rolls except for the user's have disadvantage. Smokescreen dissipates after 3 rounds."
"Snore, 15 PP; Special, Normal ; 20ft. Deals 2d12 + Special Attack modifier damage, and on hit, roll a d10. On a 8-10, the target flinches. Fails if the user is not asleep."
"Soft-Boiled, 1 PP; Status, Normal; 15ft. Restores HP equal to half of the target's max HP, and this move can target the user."
"Sonic Boom, 10 PP; Special, Normal; 30ft. Automatically hits and deals 20 damage exactly to the target."
"Spike Cannon, 15 PP; Physical, Normal; 15ft. Roll a d4+1, making a number of attacks equal to the roll. Deals 1d5 + Attack modifier damage."
"Spit Up, 5 PP; Special, Normal; 20ft. Deals 3d10 + Special Attack modifier if user has 1 stockpile, 4d10 + Special Attack modifier if the user has 2 stockpile, and 5d10 + Special Attack modifier. Removes all stockpiles and stat boosts caused by stockpile."
"Splash, 50 PP; Status, Normal; Self. User flops around pathetically in a cruel display of lifeless mortality, a show of life meant to be made meaningless and outclassed. Does nothing."
"Spotlight, 3 PP; Status, Normal; 30ft. Make an attack roll using Special Attack. On hit, all individuals within a 15ft radius of the target must move toward the target and attack it."
"Stockpile, 10 PP; Status, Normal; Self. Stockpiles 1 and increases its Defense and Special Defense by 1 stage."
"Stomp, 15 PP; Physical, Normal; Melee. Deals 3d12 + Attack modifier damage, and on hit, roll a d10. On an 8-10, the target flinches. Ignores the effects of Minimize."
"Strength, 15 PP; Physical, Normal; Melee. Deals 4d12 + Attack modifier damage and knocks the target 10 feet away."
"Struggle; Physical, Normal; Melee. Ignores immunities and deals 2d12 + Attack modifier damage. User loses HP equal to 1/4 of its max HP. Every Pokémon can use this move, but only if it runs out of PP for all of its moves."
"Stuff Cheeks, 10 PP; Status, Normal; Self. Can only be used if holding a berry. Eats held berry and increases Defense by 2 stages."
"Substitute, 3 PP; Status, Normal; Self. User takes damage equal to 25% of its max HP and creates a substitute. The substitute has HP equal to the amount of HP expended by the user to create the substitute. When individuals try to attack the user, it must attack the substitute instead. The user can attack as normal, and any Pokémon that switches in place of the user while the substitute is active gains the substitute."
"Super Fang, 1 PP; Physical, Normal; Melee. Cuts the target's HP in half."
"Supersonic, 15 PP; Status, Normal; 15ft. Make an attack roll using Special Attack. On hit, confuses the target."
"Swagger, 15 PP; Status, Normal; 15ft. Make an attack roll using Attack. On hit, the target is confused but has its Attack raised by 2 stages."
"Swallow, 1 PP; Status, Normal; Self. User restores to full HP if it has 3 stockpiles, half of its max HP if it has 2 stockpiles, and 2d10 HP if it has 1 stockpile. Removes all stockpiles and stat boosts caused by stockpile."
"Sweet Scent, 3 PP; Status, Normal; 15ft radius. make a separate attack using Special Attack on each target. On hit, a target must move as far as it is able toward the user on its next turn, then end its turn."
"Swift, 3 PP; Special, Normal; 30ft. Automatically hits. Deals 2d12 + Special Attack modifier damage."
"Swords Dance, 5 PP; Status, Normal; Self. Increases user's Attack by 2 stages."
"Tackle, 30 PP; Physical, Normal; Melee. Deals 1d10 + Attack modifier damage."
"Tail Slap, 15 PP; Physical, Normal; Melee. Roll a d4+1, making a number of attacks equal to the roll. Deals 1d6 + Attack modifier damage."
"Tail Whip, 30 PP; Status, Normal; 30ft. Make an attack using Special Attack, and on hit, reduce the target's Defense by 1 stage."
"Take Down, 20 PP; Physical, Normal; Melee. Deals 4d12 + Attack modifier damage, and the user takes damage equal to 1/4 of damage dealt."
"Tearful Look, 20 PP; Status, Normal; 30ft. Make an attack roll using Special Attack, and on hit, reduces the foe's Attack and Special Attack by 1 stage."
"Teatime, 10 PP; Status, Normal; 20ft radius. Make an attack roll using Special Attack on all targets in range, and on hit, targets must eat held berries if they have one."
"Techno Blast, 5 PP; Special, Normal; 30ft line. Make a separate attack on each target. Deals 5d10 + Special Attack modifier damage, and the type changes depending on the held drive."
"Teeter Dance, 3 PP; Status, Normal; 15ft radius. make a separate attack based Special Attack on each target, and on hit, targets are confused."
"Tera Blast, 10 PP; Special, Normal; 30ft. Deals 4d10 + Attack or Special Attack modifier damage - whichever is higher while Terastalized, but the move is always Special when not Terastalized. Typing of move changes depending on the user's Tera typing if it is Terastalized."
"Tera Starstorm, 5 PP; Special, Normal; 25ft. Deals 5d12 + Special Attack modifier damage. If the user is Terapagos and is Stellar Tera, the move is a 25ft cone instead."
"Terrain Pulse, 10 PP; Special, Normal; 20ft line. Make a separate attack on each target. Deals 2d12 + Special Attack modifier, or 5d12 + Special Attack modifier when special terrain is active. The move changes typing depending on the active terrain."
"Thrash, 10 PP; Physical, Normal; Melee. Roll a 1d2+1, being forced into using Thrash that many rounds in a row. Deals 4d12 + Attack modifier damage, and when this period of being forced to use this move ends, the user is confused."
"Tickle, 10 PP; Status, Normal; Melee. Make an attack roll using Attack, and on hit, decreases target's Attack and Defense by 1 stage."
"Tidy Up, 10 PP; Status, Normal; Self. Raises user's Attack and Speed by 1 stage, and clears away Substitutes and hazards within 30 feet of the user."
"Transform, 3 PP; Status, Normal; 30ft. User transforms into a Pokémon within range, replacing its species, appearance, typing, Attack, Defense, Special Attack, Special Defense and Speed stats, temporary stat changes, moves, and abilities. The transformation lasts until the end of battle or until the user faints."
"Tri Attack, 10 PP; Special, Normal; 30ft. Deals 4d12 + Special Attack modifier damage, and on hit, roll a d10. On a 9-10, roll a d4. On a 1, target is paralyzed, on a 2, target is burned, on a 3, target is frostbitten, and on a 4, the dice is rerolled until a 1, 2 or 3 is rolled."
"Trump Card, 5 PP; Special, Normal; 10ft. Deals 1d10 + Special Attack modifier damage if this move has 4 or more PP after use, deals 2d10 + Special Attack modifier damage if this move has 3 PP after use, deals 3d10 + Special Attack modifier damage if this move has 2 PP after use, deals 4d10 + Special Attack modifier damage if this move has 1 PP after use, and deals 6d10 + Special Attack modifier damage if the move has 0 PP after use."
"Uproar, 10 PP; Special, Normal; 10ft radius. Make a separate attack on each target. On hit, deals 3d12 + Special Attack modifier damage, and the user must continue to use this move for 3 total rounds. All foes hit by this attack are woken up if sleeping."
"Veevee Volley, 1 PP; Physical, Normal; Melee. Eevee only. Deals 6d10 + Attack modifier damage if user adores its trainer, 3d12 + Attack modifier damage if user strongly likes its trainer, 2d12 + Attack modifier damage if the user likes its trainer or 1d12 + Attack modifier damage if the user is neutral toward its trainer."
"Vice Grip, 20 PP; Physical, Normal; Melee. Deals 2d10 + Attack modifier damage."
"Weather Ball, 10 PP; Special, Normal; 30ft. Deals 3d10 + Special Attack modifier damage. Deals 6d10 + Special Attack modifier Fire, Water, Ice or Rock damage in sunny weather, rainy weather, a snowstorm, or a sandstorm."
"Whirlwind, 20 PP; Status, Normal; 15ft cone. make a separate attack using Special Attack on each target, and on hit, the target is moved 20 feet away from the user."
"Wish, 2 PP; Status, Normal; 30ft. Ends the user's turn upon using this move. At the end of the user's next turn, the target restores HP equal to half of the user's max HP. The user can target itself with this move."
"Work Up, 30 PP; Status, Normal; Self. Increases the user's Attack and Special Attack by 1 stage."
"Wrap, 20 PP; Physical, Normal; Melee. Deals 1d10 + Attack modifier damage, and for 4 turns, the target and user become unable to switch out or move. The user may deal this move's damage to the target at the end of each of the target's turns."
"Yawn, 10 PP; Status, Normal; 15ft. Make an attack roll using Special Attack. Makes the target drowsy on hit, and at the end of the target's next turn, it falls asleep."
"Alluring Voice, 10 PP; Special, Fairy; 25ft. Deals 3d12 + Special Attack modifier damage, and if the target has had it's stats boosted this turn, it becomes confused."
"Aromatic Mist, 20 PP; Status, Fairy; 20ft. Raises the Special Defense of an ally by 1 stage."
"Baby-Doll Eyes, 20 PP; Status, Fairy; 30ft. Make an attack roll using Special Attack. On hit, lowers the target's Attack by 1 stage, and the move has priority."
"Charm, 20 PP; Status, Fairy; 30ft. Make an attack roll using Special Attack, and on hit, reduces target's Attack by 2 stages."
"Crafty Shield, 5 PP; Status, Fairy; 15ft radius. Protects the user and all allies from a status move. This only blocks the move that Crafty Shield is used on."
"Dazzling Gleam, 10 PP; Special, Fairy; 20ft radius. Make a separate attack on each target, and on hit, deals 4d10 + Special Attack modifier damage."
"Decorate, 10 PP; Special, Fairy; 30ft. Raises the target's Attack and Special Attack by 2 stages, ignoring moves like Protect."
"Disarming Voice, 15 PP; Special, Fairy; 15ft. Automatically hits. Deals 1d12 + Special Attack modifier damage."
"Draining Kiss, 10 PP; Special, Fairy; Melee. Deals 3d12 + Special Attack modifier damage, and user restores HP equal to 75% of the damage dealt."
"Fairy Lock, 3 PP; Status, Fairy; 50ft radius. make a separate attack using Special Attack on each target. On a hit, targets have all of their movement speeds reduced to 0 and cannot be switched out until the end of the next round."
"Fairy Wind, 20 PP; Special, Fairy; 30ft. Deals 2d10 + Special Attack modifier damage."
"Fleur Cannon, 3 PP; Special, Fairy; 50ft line. Make a separate attack on each target. Deals 6d10 + Special Attack modifier damage in a line, and on hit, lower's user's Special Attack by 2 stages on a hit."
"Floral Healing, 1 PP; Status, Fairy; 10ft. Heals the target for 1/2 of its max HP, or 2/3 of its max HP in Grassy Terrain."
"Flower Shield, 10 PP; Status, Fairy; 30ft radius. Raises the Defense of all allied Grass types by 1 stage."
"G-Max Finale; Physical or Special, Fairy; 50ft. Alcremie's Gigantamax move. Deals 6d10 + Attack or Special Attack modifier damage and heals the user and all allies within range for 1/6 of their max HP."
"G-Max Smite; Physical or Special, Fairy; 50ft. Hatterene's Gigantamax move. Deals 6d10 + Attack or Special Attack modifier damage and confuses all foes in range."
"Geomancy, 5 PP; Status, Fairy; Self. User ends its turn upon using this move. On the next turn, increases the user's Special Attack, Special Defense and Speed by 2 stages."
"Guardian of Alola; Special, Fairy; Melee. Tapu Koko, Tapu Lele, Tapu Bulu, and Tapu Fini's Z-Move, using Nature's Madness. Reduces the foe's HP by 75% of its current HP."
"Let's Snuggle Forever; Physical, Fairy; Melee. Mimikyu's Z-Move, using Play Rough. Deals 8d10 + Attack modifier damage, and the target is grappled."
"Light of Ruin, 5 PP; Special, Fairy; 30ft radius. Make a separate attack on each target. Deals 7d10 + Special Attack modifier damage, and user takes recoil equal to 1/2 damage dealt."
"Max Starfall; Physical or Special, Fairy; 50ft. Can only be used while Dynamaxed. Deals 6d10 + Attack or Special Attack modifier, and the user creates Misty Terrain centered on the target."
"Misty Explosion, 5 PP; Special, Fairy; 50ft radius. Make an attack roll on each target in range. Deals 5d10 + Special Attack modifier damage, or 7d10 + Special Attack modifier damage in Misty Terrain, and the user faints. If the move misses a target, it deals half damage instead."
"Misty Terrain, 10 PP; Status, Fairy; 30ft. User creates Misty Terrain centered on the target point in range."
"Moonblast, 10 PP; Special, Fairy; 30ft. Deals 4d12 + Special Attack modifier damage, and on hit, roll a d10. On a 8-10, reduce the target's Special Attack by 1 stage."
"Moonlight, 1 PP; Status, Fairy; Self. In normal weather, restores 1/2 of max HP, in harsh sunlight, restores 2/ 3 of max HP, and restores 1/4 of max HP in other weather."
"Nature's Madness, 10 PP; Special, Fairy; 30ft. The user reduces the target's HP by 50% of its current HP."
"Play Rough, 10 PP; Physical, Fairy; Melee. Deals 4d10 + Attack modifier damage, and on hit, roll a d10. On a 10, reduce the target's Attack by 1 stage."
"Sparkly Swirl, 1 PP; Special, Fairy; 15ft radius. Eevee only. Make an attack roll against all targets in range, dealing 5d10 + Special Attack modifier damage, and on hit, remove all status conditions from the user and allies within range,"
"Spirit Break, 15 PP; Physical, Fairy; Melee. Deals 4d10 + Attack modifier damage and lowers the target's Special Attack by 1 stage."
"Springtide Storm, 5 PP; Special, Fairy; 30ft. Deals 5d12 + Special Attack modifier damage on hit, and on hit, roll a d2, and then a d10. A 1 affects the target and a 2 affects the user. On an 8-10, if the roll was a 1, the target reduces its Special Attack and Special Defense by 1 stage, and if the roll was a 2, the user increases its Special Attack and Special Defense by 1 stage."
"Strange Steam, 10 PP; Special, Fairy; 30ft. Deals 4d12 + Special Attack modifier damage, and on hit, roll a d10. On a 9-10, the target is confused."
"Sweet Kiss, 10 PP; Status, Fairy; 15ft. Make an attack roll using Special Attack. Confuses the target on hit."
"Twinkle Tackle; Physical or Special, Fairy; Melee. Fairy type Z-Move. Deals 8d12 + Attack or Special Attack modifier damage."
"Anchor Shot, 15 PP; Physical, Steel; 15ft. Deals 4d10 + Attack modifier damage, and on hit, reduces the foe's movement speeds by half, preventing it from being switched out."
"Autotomize, 15 PP; Status, Steel; Self. Raises the user's Speed by 2 stages and decreases its weight down to the next lowest weight class."
"Behemoth Bash, 5 PP; Physical, Steel; Melee. Deals 6d10 + Attack modifier damage, and damage doubles if target is Dynamaxed or Gigantamaxed."
"Behemoth Blade, 5 PP; Physical, Steel; Melee. Deals 6d10 + Attack modifier damage, and damage doubles if target is Dynamaxed or Gigantamaxed."
"Bullet Punch, 20 PP; Physical, Steel; Melee. Deals 2d10 + Attack modifier damage, and move has priority."
"Corkscrew Crash; Physical or Special, Steel; Melee. Steel type Z-Move. On hit, deals 8d12 + Attack or Special Attack modifier damage."
"Doom Desire, 3 PP; Special, Steel; 15ft radius. Make an attack against a single target in range. On hit, nothing happens on the turn the user uses this move. After 2 rounds, the target and all other targets within a 15ft radius of the target take 6d12 + Special Attack modifier damage."
"Double Iron Bash, 10 PP; Physical, Steel; Melee. Make two separate attacks, dealing 2d12 + Attack modifier damage. For each successful attack, roll a d10. On an 8-10, the target flinches."
"Flash Cannon, 10 PP; Special, Steel; 30ft. Deals 4d10 + Special Attack modifier damage, and on hit, roll a d10. On a 10, decrease the target's Special Defense by 1 stage."
"G-Max Meltdown; Physical or Special, Steel; 50ft. Melmetal's Gigantamax move. Deals 6d10 + Attack or Special Attack modifier damage and treats all foes within range as if they've been hit by the move Torment."
"G-Max Steelsurge; Physical or Special, Steel; 50ft. Copperajah's Gigantamax move. Deals 6d10 + Attack or Special Attack modifier damage and sets up a layer of steel spikes in a 30ft radius around the target. Each target that ends its turn inside of the area or walks into the area takes 1d10 Steel damage."
"Gear Grind, 15 PP; Physical, Steel; Melee. Make two separate attacks, each dealing 2d12 + Attack modifier damage."
"Gear Up, 20 PP; Status, Steel; 15ft radius. Raises Attack and Special Attack by 1 stage, targeting the user and all allies in range with the abilities Plus or Minus."
"Gigaton Hammer, 3 PP; Physical, Steel; Melee. Deals 7d20 + Attack modifier damage to the target, and the move can only be used every other turn."
"Gyro Ball, 5 PP; Physical, Steel; Melee. Deals 6d12 + Attack modifier damage if user has 1-7 Speed, 4d12 + Attack modifier damage if the user has 8-20 Speed, 2d12 + Attack modifier damage if the user has 21-30 Speed or 1d10 + Attack modifier damage if the user has 31-50 Speed."
"Hard Press, 5 PP; Physical, Steel; Melee. Deals 5d10 + Attack modifier damage if target is at full HP, 3d10 + Attack modifier damage if target is above half HP, or 1d12 + Attack modifier damage if the target is below half HP."
"Heavy Slam, 10 PP; Physical, Steel; Melee. Deals 6d12 + Attack modifier damage if user outweighs the target by 1 or 2 more weight classes, 4d10 + Attack modifier damage if the user outweighs the target, 2d12 + Attack modifier damage if the user weighs the same as the target or 1d10 + Attack modifier damage if the user weighs less than the target."
"Iron Defense, 15 PP; Status, Steel; Self. Raises the user's Defense by 2 stages."
"Iron Head, 15 PP; Physical, Steel; Melee. Deals 4d10 + Attack modifier damage, and on hit, roll a d10. On an 8-10, the target flinches."
"Iron Tail, 10 PP; Physical, Steel; 15ft cone. Make a separate attack each target. Deals 5d10 + Attack modifier damage."
"King's Shield, 3 PP; Status, Steel; Self. Uses a reaction to block an attack or move completely when hit. If a foe uses a move that makes contact, lower's target's Attack by 2 stages. If the user is an Aegislash, it changes to Shield Forme. This only blocks the move that King's Shield is used on."
"Magnet Bomb, 5 PP; Physical, Steel; 30ft. Automatically hits. Deals 3d10 + Attack modifier damage."
"Make It Rain, 3 PP; Special, Steel; 25ft radius. Make a separate attack on each target. Deals 5d12 + Special Attack modifier damage and decreases user's Special Attack by 1 stage on hit."
"Max Steelspike; Physical or Special, Steel; 50ft. Steel type max move. Deals 6d10 + Attack or Special Attack modifier damage, and raises the Defense of the user and all allies within range by 1 stage."
"Metal Burst, 3 PP; Physical, Steel; 25ft. As a reaction against taking damage, user deals 1.5x the damage dealt to the user back to the target."
"Metal Claw, 30 PP; Physical, Steel; Melee. Deals 3d10 + Attack modifier damage, and on hit, roll a d10. On a 10, the user's Attack increases by 1 stage."
"Metal Sound, 30 PP; Status, Steel; 20ft. Make a Special Attack based attack roll. On hit, the target's Special Defense is reduced by 2 stages."
"Meteor Mash, 10 PP; Physical, Steel; Melee. Deals 4d12 + Attack modifier damage, and on hit, roll a d10. On a 9-10, the user's Attack increases by 1 stage."
"Mirror Shot, 5 PP; Special, Steel; 20ft. Deals 3d10 + Special Attack modifier damage, and on hit, roll a d10. On an 8-10, the target's next attack is rolled twice and uses the lower result."
"Searing Sunraze Smash; Physical, Steel; Melee. Solgaleo's Z-Move, using Sunsteel Strike. Deals 8d12 + Attack modifier damage, and it ignores abilities"
"Shelter, 10 PP; Status, Steel; Self. Raises the user's Defense and Special Defense by 1 stage."
"Shift Gear, 10 PP; Status, Steel; Self. Raises the user's Speed by 2 stages and Attack by 1 stage."
"Smart Strike, 3 PP; Physical, Steel; Melee. Automatically hits. Deals 3d10 + Attack modifier damage."
"Spin Out, 5 PP; Physical, Steel; 15ft radius. Make a separate attack on each target. On hit, deal 4d12 + Attack modifier damage, and decrease the user's Speed by 2 stages."
"Steel Beam, 3 PP; Special, Steel; 50ft line. Make a separate attack on each target. Deals 7d12 + Special Attack modifier damage and the user takes damage equal to 1/2 of its max HP."
"Steel Roller, 3 PP; Physical, Steel; 15ft radius. Make a separate attack on each target. Deals 5d10 + Attack modifier damage. On hit, clear all terrain within range."
"Steel Wing, 20 PP; Physical, Steel; Melee. Deals 4d10 + Attack modifier damage, and on hit, roll a d10. On a 10, raises the user's Defense by 1 stage."
"Sunsteel Strike, 5 PP; Physical, Steel; Deals 5d12 + Attack modifier damage, and it ignores abilities."
"Tachyon Cutter, 10 PP; Physical, Steel; 10ft. Make two attacks that automatically hit. Deals 2d10 + Attack modifier damage."
"Armor Cannon, 5 PP; Special, Fire; 30ft. Deals 5d12 + Special Attack modifier damage, and on hit, lowers user's Defense and Special Defense by 1 stage."
"Bitter Blade, 3 PP; Physical, Fire; 15ft cone. Make a separate attack on each target. Deals 4d10 + Attack modifier damage, user restores HP equal to half of the damage dealt."
"Blast Burn, 5 PP; Special, Fire; 30ft. Make a separate attack on each target in a 15ft radius of the target. Deals 5d12 + Special Attack modifier damage and forces the user to skip its next turn to recharge."
"Blaze Kick, 10 PP; Physical, Fire; Melee. Deals 4d12 + Attack modifier damage, and on hit, roll a d10. On a 10, the target is burned. This move crits on a 19-20."
"Blue Flare, 5 PP; Special, Fire; 30ft. Deals 6d10 + Special Attack modifier damage, and on hit, roll a d10. On a 9-10, target is burned"
"Burn Up, 5 PP; Special, Fire; 30ft. Deals 5d12 + Special Attack modifier damage, and on hit, the target loses its Fire typing. If the user is frostbitten, it is cured of it."
"Burning Bulwark, 3 PP; Status, Fire; Self. Uses a reaction to block an attack or move completely when hit, and if the target makes contact with the user, it becomes burned. This only blocks the move that Burning Bulwark is used on."
"Burning Jealousy, ; Special, Fire; 15ft radius. make a separate attack on each target. Deals 3d12 + Special Attack modifier damage, and all targets who have had their stats boosted during the current round are burned."
"Ember, 20 PP; Special, Fire ; 30ft. Range, 1d10 + Special Attack modifier damage. On hit, roll a d10. On a 10, the target is Burned."
"Eruption, 5 PP; Special, Fire; 20ft radius. Make a separate attack on each target. Deals 6d10 + Special Attack modifier damage if user is at full HP, 4d12 + Special Attack modifier damage if user is above half HP, or 2d12 + Special Attack modifier damage if user is below half HP."
"Fiery Dance, 10 PP; Special, Fire; 30ft. Deals 4d10 + Special Attack modifier damage, and on hit, roll a d20. On even numbers, the user's Special Attack increases by 1 stage."
"Fire Blast, 5 PP; Special, Fire; 15ft cone. Make a separate attack on each target. Deals 5d12 + Special Attack modifier damage, and on hit, roll a d10. On a 10, the target is burned."
"Fire Fang, 15 PP; Physical, Fire; Melee. Deals 3d10 + Attack modifier damage, and on hit, roll a 2d10. On a 10, on the first die, the target is burned. On a 10, on the second die, the target flinches."
"Fire Lash, 10 PP; Physical, Fire; 15ft cone. Make a separate attack on each target. Deals 5d12 + Attack modifier damage, and on hit, reduce target's Defense by 1 stage."
"Fire Pledge, 5 PP; Special, Fire; 30ft. Make a separate attack on each target within a 15ft radius of the target. Deals 4d12 + Special Attack modifier damage. As a reaction, when the user uses this move, an individual can use its reaction to use Water Pledge. This nullifies the attack of the user who used Fire Pledge, and the other individual uses Water Pledge to deal 5d12 + Special Attack modifier Water damage, creating a rainbow that increases the chance for additional effects of moves by 2 for 3 rounds."
"Fire Punch, 15 PP; Physical, Fire; Melee. Deals 3d12 + Attack modifier damage, and on hit, roll a d10. On a 10, the target is burned."
"Fire Spin, 10 PP; Special, Fire; 15ft radius. make a separate attack on each target. Deals 1d12 + Special Attack modifier damage, and makes a ring of spinning flames. If an individual moves inside or outside of the ring, it takes 2d6 damage, and on each turn a target stays within the ring, at the end of its turn, it takes 1d6 damage, and individuals in the ring have their movement halved and can't be switched out. The ring lasts d4+1 turns, and the user cannot use Fire Spin again until the current ring disappears."
"Flame Burst, 15 PP; Special, Fire; 30ft. Deals 3d12 + Special Attack modifier damage, and each target within a 10ft radius of the target takes damage equal to 1/2 of the damage dealt to the original target."
"Flame Charge, 20 PP; Physical, Fire; Melee. Deals 2d12 + Attack modifier damage, and on hit, user increases its Speed by 1 stage and increases its movement speeds by 5ft."
"Flame Wheel, 20 PP; Physical, Fire; Melee. Deals 3d10 + Attack modifier damage, and on hit, roll a d10. On a 10, the target is burned. If the user is frostbitten, it is cured of it."
"Flamethrower, 15 PP; Special, Fire; 15ft cone. Make a separate attack on each target. Deals 5d10 + Special Attack modifier damage, and on hit, roll a d10. On a 10, the target is burned."
"Flare Blitz, 10 PP; Physical, Fire; Melee. Deals 5d12 + Attack modifier damage, and user takes recoil equal to 1/3 of the damage dealt. On hit, roll a d10. On a 10, the target is burned. If the user is frostbitten, it is cured of it."
"Fusion Flare, 5 PP; Special, Fire; 30ft. Deals 5d12 + Special Attack modifier damage. If Fusion Bolt was used in the same round, deals 7d12 + Special Attack modifier damage."
"G-Max Centiferno; Physical or Special, Fire; 50ft. Centiskorch's Gigantamax move. Deals 6d10 + Attack or Special Attack modifier damage and the foe is surrounded by a ring of fire as by the move Fire Spin, which lasts 3 rounds."
"G-Max Fireball; Physical or Special, Fire; 50ft. Cinderace's Gigantamax move. Deals 7d12 + Attack or Special Attack modifier damage, ignoring the target's abilities."
"G-Max Wildfire; Physical or Special, Fire; 50ft. Charizard's Gigantamax move. Deals 6d10 + Attack or Special Attack modifier damage and the target takes 2d6 + Special Attack modifier Fire damage at the end of each of it's turns for 3 rounds."
"Heat Crash, 10 PP; Physical, Fire; Melee. Deals 5d12 + Attack modifier damage if user outweighs the target by 2 or more weight classes, 3d12 + Attack modifier damage if the user outweighs the target, 2d10 + Attack modifier damage if the user weighs the same as the target or 1d10 + Attack modifier damage if the user weighs less than the target."
"Heat Wave, 10 PP; Special, Fire; 15ft radius. Make a separate attack on each target. Deals 4d12 + Special Attack modifier damage, and on hit, roll a d10. On a 10, the target is burned."
"Incinerate, 15 PP; Special, Fire; 20ft. Deals 2d12 + Special Attack modifier damage. Removes any berries the target is holding."
"Inferno, 5 PP; Special, Fire; 30ft. Deals 5d10 + Special Attack modifier damage and burns the target."
"Inferno Overdrive; Physical or Special, Fire; 30ft. Fire type Z-Move. Deals 8d12 + Attack or Special Attack modifier damage."
"Lava Plume, 10 PP; Special, Fire; 20ft radius. Make a separate attack on each target. Deals 4d12 + Special Attack modifier damage, and on hit, roll a d10. On an 8-10, the target is burned."
"Magma Storm, 5 PP; Special, Fire; 25ft radius. Make a separate attack on each target. Deals 5d10 + Special Attack modifier damage. Targets hit take 1d10 damage at the end of each of their turns for d4+1 turns, can't switch out, and their movement speeds are halved."
"Max Flare; Physical or Special, Fire; 50ft. Fire type max move. Deals 6d10 + Attack or Special Attack modifier damage, and summons sunny weather."
"Mind Blown, 5 PP; Special, Fire; 15ft radius. Make a separate attack on each target. Deals 6d10 + Special Attack modifier damage and the user takes damage equal to half of its max HP."
"Mystical Fire, 10 PP; Special, Fire; 30ft. Deals 4d10 + Special Attack modifier damage and lowers the target's Special Attack modifier by 1."
"Overheat, 5 PP; Special, Fire; 30ft. Deals 6d10 + Special Attack modifier damage and lowers the user's Special Attack by 2 stages."
"Pyro Ball, 5 PP; Physical, Fire; 20ft line. Make a separate attack on each target. Deals 5d12 + Attack modifier damage, and on hit, roll a d10. On a 10, the target is burned."
"Raging Fury, 10 PP; Physical, Fire; Melee. Deals 5d10 + Attack modifier damage, and the user is forced into using this move for 1d2+1 rounds. Once the number of rounds being forced to use this move ends, the user is confused."
"Sacred Fire, 5 PP; Physical, Fire; 30ft. Deals 5d12 + Special Attack modifier damage, and on hit, roll a d20. On even numbers, the target is burned. If the user is frostbitten, it is cured of it."
"Searing Shot, 5 PP; Special, Fire; 30ft. Deals 5d12 + Special Attack modifier damage, and on hit, roll a d10. On a 8-10, the target is burned."
"Shell Trap, 3 PP; Special, Fire; 30ft. Sets up a trap at the start of the round, regardless of turn order. When the user is damaged by a physical move, the target takes 5d10 + Special Attack modifier damage, and the move has priority."
"Sizzly Slide, 1 PP; Physical, Fire; Melee. Eevee only. Deals 4d12 + Attack modifier damage and burns the target."
"Sunny Day, 5 PP; Status, Fire; Self. Summons harsh sunlight for 5 turns."
"Temper Flare, 10 PP; Physical, Fire; 15ft. Deals 3d12 + Attack modifier damage. Each time the user misses an attack, this move gains an additional die of damage. This bonus resets when it successfully lands an attack."
"Torch Song, 10 PP; Special, Fire; 30ft. Deals 4d10 + Special Attack modifier damage, and increases user's Special Attack by 1 stage."
"V-Create, 5 PP; Special, Fire; 30ft. Deals 7d12 + Special Attack modifier damage. Decreases the user's Defense, Special Defense, and Speed by 1 stage"
"Will-O-Wisp, 15 PP; Status, Fire; 30ft. Make an attack roll using Special Attack, inflicting the target with a burn."
"Aqua Cutter, 20 PP; Physical, Water; Melee. Deals 3d12 + Attack modifier damage. Lands a critical hit on a 19-20."
"Aqua Jet, 20 PP; Physical, Water; Melee. User can move a number of feet up to the user's swimming speed before making the attack roll. Deals 2d10 + Attack modifier damage, and the move has priority."
"Aqua Ring, 1 PP; Status, Water; Self. Sets a ring around the user that restores 1d8 HP to the user at the end of each turn. When attacked, user can reduce incoming damage by 1d6."
"Aqua Step, 10 PP; Physical, Water; 15ft. The user moves adjacent to the target before making the attack roll. Deals 4d10 + Attack modifier damage, and increases user's Speed by 1 stage."
"Aqua Tail, 10 PP; Physical, Water; Melee. Deals 4d12 + Attack modifier damage."
"Bouncy Bubble, 1 PP; Special, Water; Melee. Deals 5d10 + Attack modifier damage, restores HP to user equal to half of damage dealt."
"Brine, 10 PP; Special, Water; 30ft. Make a separate attack on each target within a 15ft radius of the target. Deals 3d10 + Special Attack modifier damage, or deals 6d10 + Special Attack modifier damage if the target is below half of its max HP."
"Bubble, 20 PP; Special, Water; 30ft. Deals 1d10 + Special Attack modifier damage. On hit, roll a d10. On a 10, reduce the target's Speed by 1 stage."
"Bubble Beam, 20 PP; Special, Water; 25ft line. Make a separate attack on each target. Deals 3d10 + Special Attack modifier damage. On hit, roll a d10. On a 10, reduce the target's Speed by 1 stage."
"Chilling Water, 20 PP; Special, Water; 20ft. Make a separate attack on each target within a 10ft radius of the target. Deals 2d12 + Special Attack modifier damage and reduces the target's Attack by 1 stage."
"Clamp, 15 PP; Physical, Water; Melee. Deals 1d12 + Attack modifier damage. On hit, roll a d4+1. The user and target cannot move or be switched out for that amount of turns, and the target takes 1d8 damage at the end of each of the target's turns."
"Crabhammer, 5 PP; Physical, Water; Melee. Deals 6d10 + Attack modifier damage and the move is a critical hit on a 19-20."
"Dive, 10 PP; Physical, Water; Melee. On first using this move, the user dives underwater and becomes semi-invulnerable to damage. On the next turn, the user can move up to double its movement speeds and make the attack against a target it moves to. Deals 4d10 + Attack modifier damage."
"Fishious Rend, 10 PP; Physical, Water; Melee. Deals 4d10 + Attack modifier damage. If the user attacks before the target, or the target has just been switched in, deals 7d10 + Attack modifier damage instead."
"Flip Turn, 20 PP; Physical, Water; Melee. Deals 2d10 + Attack modifier damage, and on hit, the user switches out, or moves 30 feet without taking opportunity attacks."
"G-Max Cannonade; Physical or Special, Water; 50ft. Blastoise's Gigantamax move. Deals 6d10 + Attack or Special Attack modifier damage and the target takes 2d6 + Special Attack modifier Water damage at the end of each of it's turns for 3 rounds."
"G-Max Foam Burst; Physical or Special, Water; 50ft. Kingler's Gigantamax move. Deals 6d10 + Attack or Special Attack modifier damage and lowers the Speed of all targets in range by 2 stages."
"G-Max Hydrosnipe; Physical or Special, Water; 50ft. Inteleons's Gigantamax move. Deals 6d12 + Attack or Special Attack modifier damage and ignores the target's abilities."
"G-Max Rapid Flow; Physical or Special, Water; 50ft. Rapid Strike Urshifu's Gigantamax move. Deals 6d10 + Attack or Special Attack modifier damage and ignores moves like Protect and Detect."
"G-Max Stonesurge; Physical or Special, Water; 50ft. Drednaw's Gigantamax move. Deals 6d10 + Attack or Special Attack modifier damage and puts down Stealth Rock centered on the target."
"Hydro Cannon, 5 PP; Special, Water; 50ft line. Make a separate attack on each target. Deals 6d12 + Special Attack modifier damage and forces the user to skip its next turn to recharge."
"Hydro Pump, 5 PP; Special, Water; 30ft line. Make a separate attack on each target. Deals 5d12 + Special Attack modifier damage."
"Hydro Steam, 15 PP; Special, Water; 30ft. Make a separate attack on each target within a 15ft radius of the target. Deals 4d10 + Special Attack modifier damage, or 7d10 + Special Attack modifier in sunny weather, and damage reduction by sun for this move is ignored."
"Hydro Vortex; Physical or Special, Water; 30ft. Water type Z-Move. Deals 8d12 + Attack or Special Attack modifier damage."
"Jet Punch, 20 PP; Physical, Water; Melee. Deals 3d10 + Attack modifier damage, and the move has priority."
"Life Dew, 3 PP; Status, Water; 15ft radius. Heals all allied targets in range for 3d10 HP."
"Liquidation, 10 PP; Physical, Water; Melee. Deals 4d10 + Attack modifier damage, and on hit, roll a d10. On a 9-10, reduce the target's Defense by 1 stage."
"Max Geyser; Physical or Special, Water; 50ft. Water type max move. Deals 6d10 + Attack or Special Attack modifier damage, and summons rainy weather."
"Muddy Water, 10 PP; Special, Water; 20ft radius. Make a separate attack on each target. Deals 3d10 + Special Attack modifier damage, and on hit, roll a d10. On an 8-10, the target's next attack rolls twice and uses the lower result."
"Oceanic Operetta; Special, Water; 30ft radius. Primarina only Z-Move, while using Sparkling Aria. make a separate attack on each target. Deals 7d12 + Special Attack modifier damage."
"Octazooka, 10 PP; Special, Water; 30ft. Deals 3d12 + Special Attack modifier damage, and on hit, roll a d20. On even numbers, the target rolls twice and uses the lower result on their next attack."
"Origin Pulse, 5 PP; Special, Water; 15ft radius. make a separate attack on each target. Deals 5d12 + Special Attack modifier damage on hit."
"Rain Dance, 5 PP; Status, Water; Self. Summons rainy weather for 5 turns."
"Razor Shell, 10 PP; Physical, Water; Melee. Deals 3d10 + Attack modifier damage, and on hit, roll a d20. On even numbers, reduce the target's Defense by 1 stage."
"Scald, 15 PP; Special, Water; 30ft. Deals 4d10 + Special Attack modifier damage, and on hit, roll a d10. On an 8-10, the target is burned."
"Snipe Shot, 5 PP; Special, Water; 150ft. Deals 4d12 + Special Attack modifier damage, and this move crits on a 19-20."
"Soak, 20 PP; Status, Water; 15ft. Make an attack roll using Special Attack. On hit, the target becomes pure Water type."
"Sparkling Aria, 10 PP; Special, Water; 25ft radius. make a separate attack on each target.. Deals 5d10 + Special Attack modifier damage, and if targets have a burn, they are cured. This attack deals no damage to allies."
"Splishy Splash, 1 PP; Special, Water; 30ft. Pikachu only. Deals 4d12 + Special Attack modifier damage, and on hit, roll a d10. On an 8-10, the target is paralyzed."
"Steam Eruption, 5 PP; Special, Water; 30ft. Make a separate attack on each target within a 15ft radius of the target. Deals 5d12 + Special Attack modifier damage, and on hit, roll a d10. On an 8-10, target is burned, and if the user is frostbitten, it is cured."
"Surf, 10 PP; Special, Water; Self. Summons a wave of water which the user surfs upon. When the user uses its movement and moves adjacent to a foe, it makes an attack roll. Deals 3d12 + Special Attack modifier damage, and this move's damage cannot be applied to a single target multiple times in a round. While surf is active, the user's movement speeds increase by 10 feet, and this move can hit foes while they are in the semi-invulnerable stage of Dive."
"Surging Strikes, 5 PP; Physical, Water; Melee. Make 3 attack rolls. On hit, deals 2d8 + Attack modifier damage, and each strike is a guaranteed critical hit."
"Triple Dive, 10 PP; Physical, Water; Melee. Make 3 attack rolls. On hit, deals 2d8 + Attack modifier damage."
"Water Gun, 20 PP; Special, Water; 15ft line. Make a separate attack on each target. Deals 1d12 + Special Attack modifier damage."
"Water Pledge, 5 PP; Special, Water; 30ft. Make a separate attack on each target within a 15ft radius of the target. Deals 4d12 + Special Attack modifier damage. As a reaction, when the user uses this move, an individual can use its reaction to use Grass Pledge. This nullifies the attack of the user who used Water Pledge, and the other individual uses Grass Pledge to deal 6d10 + Special Attack modifier Grass damage, creating a swampy 30ft radius terrain centered on the target which halves the movement speeds and Speed stat of all in range, the terrain lasting for 4 turns."
"Water Pulse, 15 PP; Special, Water; 20ft line. Make a separate attack on each target. Deals 3d10 + Special Attack modifier damage, and on hit, roll a d10. On a 9-10, the target is confused."
"Water Shuriken, 10 PP; Special, Water; 30ft. Roll a d4+1, making a number of attacks equal to the roll. Deals 1d6 + Special Attack modifier damage."
"Water Sport, 10 PP; Status, Water; Self. Makes all Fire type attacks deal half damage for 5 rounds."
"Water Spout, 5 PP; Special, Water; 20ft radius. Deals 5d12 + Special Attack modifier damage if user is at full HP, 3d12 + Special Attack modifier damage if user is above half HP, or 1d12 + Special Attack modifier damage if the user is below half HP."
"Waterfall, 15 PP; Physical, Water; Melee. Deals 4d12 + Attack modifier damage."
"Wave Crash, 10 PP; Physical, Water; Melee. Deals 5d12 + Attack modifier damage, and user takes recoil equal to 1/3 of the damage dealt."
"Whirlpool 10 PP; Special, Water; 15ft radius. make a separate attack on each target. Deals 1d12 + Special Attack modifier damage, and makes a riptide of water. If an individual moves inside or outside of the ring, it takes 2d6 damage, and on each turn a target stays within the ring, at the end of its turn, it takes 1d10 damage, and individuals in the ring have their movement halved and can't be switched out. The ring lasts d4+1 turns, and the user cannot use Whirlpool again until the current ring disappears."
"Withdraw, 30 PP; Status, Water; Self. Raises the user's Defense by 1 stage."
"Absorb, 25 PP; Special, Grass; 10ft. Deals 1d10 + Special Attack modifier damage, and restores HP to the user equal to half the damage dealt."
"Apple Acid, 10; Special, Grass; 15ft. Deals 3d12 + Special Attack modifier damage and reduces the target's Special Defense by 1 stage."
"Aromatherapy, 3 PP; Status, Grass; 15ft radius. Heals all targets in range of all status conditions."
"Bloom Doom; Physical or Special, Grass; 30ft. Grass type Z-Move. Deals 8d12 + Attack or Special Attack modifier damage."
"Branch Poke, 30 PP; Physical, Grass; 10ft. Deals 1d12 + Attack modifier damage."
"Bullet Seed, 15 PP; Physical, Grass; 15ft. Roll a d4+1, making a number of attacks equal to the roll. Deals 1d6 + Attack modifier damage."
"Chloroblast, 5 PP; Special, Grass; 25ft cone. Make a separate attack on each target. Deals 6d12 + Special Attack modifier damage, and the user takes recoil equal to half the damage dealt."
"Cotton Guard, 10 PP; Status, Grass; Self. Increases user's Defense by 3 stages."
"Cotton Spore, 30 PP; Status, Grass; 10ft radius. Make an attack roll using Special Attack on each target. On hit, the target's Speed is reduced by 2 stages."
"Drum Beating, 10 PP; Physical, Grass; 30ft. Deals 4d10 + Attack modifier damage and lowers the target's Speed by 1 stage."
"Energy Ball, 10 PP; Special, Grass; 30ft. Deals 4d12 + Special Attack modifier damage, and on hit, roll a d10. On a 9-10, the target's Sp. Defense is reduced by 1 stage."
"Flower Trick, 3 PP; Physical, Grass; 30ft. Automatically hits, and automatically crits. Deals 3d10 + Attack modifier damage."
"Forest's Curse, 20 PP; Status, Grass; 30ft. Adds Grass type to the target's typing, even if it has 2 typings already."
"Frenzy Plant, 5 PP; Special, Grass; 30ft. Deals 6d12 + Special Attack modifier damage and forces the user to skip its next turn to recharge."
"G-Max Drum Solo; Physical or Special, Grass; 50ft. Rillaboom's Gigantamax move. Deals 6d10 + Attack or Special Attack modifier damage and ignores the target's abilities."
"G-Max Sweetness; Physical or Special, Grass; 50ft. Appletun's Gigantamax move. Deals 6d10 + Attack or Special Attack modifier damage and heals the user and all allies in range of status conditions."
"G-Max Tartness; Physical or Special, Grass; 50ft. Flapple's Gigantamax move. Deals 6d10 + Attack or Special Attack modifier damage and the next attack against the target is made at advantage."
"G-Max Vine Lash; Physical or Special, Grass; 50ft. Venusaur's Gigantamax move. Deals 6d10 + Attack or Special Attack modifier damage and the target takes 2d6 + Special Attack modifier Water damage at the end of each of it's turns for 3 rounds."
"Giga Drain, 10 PP; Special, Grass; 30ft. Deals 3d12 + Special Attack modifier damage, and restores HP to the user equal to half of the damage dealt."
"Grass Knot, 20 PP; Special, Grass; 30ft. Deals 5d12 + Special Attack modifier damage if the target is weight Massive, 4d12 + Special Attack modifier damage if the target is weight Large, 3d10 + Special Attack modifier damage if the target is weight Medium, and 2d8 + Special Attack modifier damage if the target is at or below weight Small."
"Grass Pledge, 5 PP; Special, Grass; 30ft. Make a separate attack on each target within a 15ft radius of the target. Deals 4d12 + Special Attack modifier damage. As a reaction, when the user uses this move, an individual can use its reaction to use Fire Pledge. This nullifies the attack of the user who used Grass Pledge, and the other individual uses Fire Pledge to deal 6d10 + Special Attack modifier Fire damage, creating a field of raging fire in a 30 foot radius centered on the target. For 5 turns, any individual who ends its turn in the area takes 1d10 + Special Attack modifier Fire damage."
"Grass Whistle, 15 PP; Status, Grass; 15ft. Make an attack roll using Special Attack. On hit, the target falls asleep."
"Grassy Glide, 20 PP; Physical, Grass; Melee. Deals 3d10 + Attack modifier damage on hit. When in Grassy Terrain, the move has priority, and the user can move a number of feet up to the user's walking speed before making the attack roll."
"Grassy Terrain, 10 PP; Status, Grass; 30ft. User creates Grassy Terrain centered on the target point in range."
"Grav Apple, 10 PP; Physical, Grass; 30ft. Deals 4d10 + Attack modifier damage and lowers target's Defense by 1 stage. Deals 5d12 + Attack modifier damage if Gravity is active."
"Horn Leech, 10 PP; Physical, Grass; 15ft line. Make a separate attack on each target, moving to the end of the line. Deals 3d12 + Attack modifier damage, and restores HP to the user equal to half the damage dealt."
"Ingrain, 3 PP; Status, Grass; Self. The user becomes unable to move more than 15ft on its turn or switch out as long as it is in battle. At the end of each of its turns, it restores 2dX HP, where X is dependent upon the user's HP class."
"Ivy Cudgel, 10 PP; Physical, Grass; Melee. Deals 4d12 + Attack modifier damage, and crits on a 19-20. Changes type depending on the mask Ogerpon is wearing. If the user is not Ogerpon, a held mask does not change the type."
"Jungle Healing, 3 PP; Status, Grass; 15ft radius. Restores HP to all targets in range equal to 25% of a target's max HP, and restores them of any status conditions."
"Leaf Blade, 15 PP; Physical, Grass; Melee. Deals 5d10 + Attack modifier damage. Crits on a 19-20."
"Leaf Storm, 5 PP; Special, Grass; 15ft radius. make a separate attack on each target. Deals 6d10 + Special Attack modifier damage, and on a hit, lowers user's Special Attack by 2 stages."
"Leaf Tornado, 5 PP; Special, Grass; 30ft. Summons a swirling tornado of leaves, and when used, the target takes 2d10 + Special Attack modifier damage. The tornado lasts 1d4+1 turns, and the user of the move can move it up to 30 feet each turn without the need for an action. When the tornado enters a target's space, it takes damage. This tornado can hit multiple targets in a turn, but once an individual is hit, it cannot be hit by the tornado again until the next turn."
"Leafage, 30 PP; Physical, Grass; 15ft. Deals 1d10 + Attack modifier damage."
"Leech Seed, 5 PP; Status, Grass; 30ft. Make an attack roll using Special Attack. On hit, the target is seeded and takes 1d12 damage at the end of each turn (minimum of 6) and the user restores HP equal to the damage dealt."
"Magical Leaf, 5 PP; Special, Grass; 30ft. Automatically hits. Deals 3d10 + Special Attack modifier damage."
"Matcha Gotcha, 3 PP; Special, Grass; 15ft cone. Make a separate attack on each target. On hit, deals 3d12 + Special Attack modifier and restores HP equal to half the damage dealt, and on hit, roll a d10. On a 9-10, the target is burned."
"Max Overgrow; Physical or Special, Grass; 50ft. Grass type max move. Deals 6d10 + Attack or Special Attack modifier damage, and summons grassy terrain centered on the target."
"Mega Drain, 10 PP; Special, Grass; 30ft. Deals 2d10 + Special Attack modifier damage and restores HP to the user equal to half the damage dealt."
"Needle Arm, 15 PP; Physical, Grass; Melee. Deals 3d10 + Attack modifier damage, and on hit, roll a d10. On an 8-10, the target flinches."
"Petal Blizzard, 10 PP; Physical, Grass; 15ft radius. make a separate attack on each target. Deals 4d10 + Special Attack modifier damage."
"Petal Dance, 10 PP; Special, Grass; 15ft radius. Roll 1d2+1 and be forced to use this move for that many turns. make a separate attack on each target. Deals 5d12 + Special Attack modifier damage, and once the duration of the user being forced to use this move ends, it becomes confused."
"Power Whip, 10 PP; Physical, Grass; 20ft. Deals 5d12 + Attack modifier damage."
"Razor Leaf, 15 PP; Physical, Grass; 15ft cone. make a separate attack on each target. Deals 3d10 + Attack modifier damage, and crits on a 19-20."
"Sappy Seed, 3 PP; Physical, Grass; 15ft. Eevee only. Deals 4d10 + Attack modifier damage and plants a leech seed on the target."
"Seed Bomb, 10 PP; Physical, Grass; 30ft. Make a separate attack on each target within a 15ft radius of the target. Deals 3d10 + Attack modifier damage."
"Seed Flare, 5 PP; Special, Grass; 15ft radius. Make a separate attack on each target. Deals 5d12 + Special Attack modifier damage, and on hit, roll a d10. On a 7-10, reduce the target's Special Defense by 2 stages."
"Sleep Powder, 10 PP; Status, Grass; 30ft. Make an attack roll using Special Attack. On hit, the target falls asleep."
"Snap Trap, 15 PP; Physical, Grass; 15ft. Deals 1d12 + Attack modifier damage. On hit, the target cannot move or be switched out for 1d4+1 turns. At the end of each of the target's turns, it takes 1d8 damage."
"Solar Beam, 10 PP; Special, Grass; 50ft line. The user takes the turn to charge, and on its next turn, it makes a separate attack on each target. Deals 5d12 + Special Attack modifier damage. If the weather is sunny, the user doesn't have to charge."
"Solar Blade, 10 PP; Physical, Grass; 20ft cone. The user takes the turn to charge, and on its next turn, it makes a separate attack on each target. Deals 5d12 + Attack modifier damage. If the weather is sunny, the user doesn't have to charge."
"Spicy Extract, 15 PP; Status, Grass; 10ft. Make an attack roll using Attack. On hit, reduces the target's Defense by 2 stages and increases the target's Attack by 2 stages."
"Spiky Shield, 2 PP; Status, Grass; Self. Uses a reaction to block an attack or move completely when hit. If the triggering attack makes contact, the attacker takes 2dX + Attack modifier damage, where X is dependent on the attacker's HP class. This only blocks the move that Detect is used on."
"Spore, 3 PP; Status, Grass; 10ft. Make an attack roll using Special Attack, and on hit, puts the target to sleep."
"Strength Sap, 3 PP; Status, Grass; 15ft. Make an attack roll using Special Attack, and on hit, reduces the target's Attack by 1 stage and restores 3d10 HP to the user."
"Stun Spore, 10 PP; Status, Grass; 30ft. Make an attack roll using Special Attack, and on hit, the target is paralyzed."
"Synthesis, 1 PP; Status, Grass; Self. In normal weather, restores 1/4 of max HP, in harsh sunlight, restores 1/ 2 of max HP, and restores 1/8 of max HP in other weather."
"Syrup Bomb, 10 PP; Special, Grass; 20ft. Deals 3d12 + Special Attack modifier damage, and on hit, the target's Speed is reduced by 1 stage at the end of each turn for 3 turns, and its movement speeds are halved until the end of its next turn."
"Trailblaze, 20 PP; Physical, Grass; Melee. The user can move half of its movement speed before making the attack. Deals 2d10 + Attack modifier damage and raises the user's Speed by 1 stage."
"Trop Kick, 15 PP; Physical, Grass; 20ft. The user moves adjacent to the target before making the attack roll. Deals 3d12 + Attack modifier damage, and on hit, target's Attack is lowered by 1 stage."
"Vine Whip, 25 PP; Physical, Grass; 15ft. Deals 1d12 + Attack modifier damage."
"Wood Hammer, 10 PP; Physical, Grass; Melee. Deals 5d12 + Attack modifier damage, and user takes recoil equal to 1/3 of the damage dealt."
"Worry Seed, 10 PP; Status, Grass; 30ft. Make an attack roll using Special Attack, and on hit, changes the target's abilities to Insomnia."
"10,000,000 Volt Thunderbolt; Special, Electric; 50ft. Hat Pikachu's Z-Move, using Thunderbolt. Deals 8d20 + Special Attack modifier damage, and it crits on an 18-20."
"Aura Wheel, 10 PP; Physical, Electric; Melee. Deals 4d12 + Attack modifier damage, and increases user's Speed by 1 stage. Changes to Dark depending on Morpeko's form."
"Bolt Beak, 10 PP; Physical, Electric; 10ft. Deals 4d10 + Attack modifier damage. If the user attacks before the target, or the target has just been switched in, deals 7d10 + Attack modifier damage instead."
"Bolt Strike, 5 PP; Special, Electric; 30ft. Deals 6d10 + Special Attack modifier damage, and on hit, roll a d10. On a 9-10, the target is paralyzed."
"Buzzy Buzz, 3 PP; Special, Electric; 15ft. Eevee only. Deals 4d12 + Special Attack modifier damage and paralyzes the target."
"Catastropika; Physical, Electric; 50ft. Pikachu's Z-Move, using Volt Tackle. Deals 9d10 + Special Attack modifier damage."
"Charge, 20 PP; Status, Electric; Self. The user's next Electric move will gain two additional damage dice, and raises the user's Special Defense by 1 stage."
"Charge Beam, 10 PP; Special, Electric; 20ft line. Make a separate attack on each target. Deals 2d12 + Special Attack modifier, and on hit, roll a d10. On a 4-10, increase the user's Special Attack by 1 stage."
"Discharge, 15 PP; Special, Electric; 15ft radius. Make a separate attack on each target. Deals 3d12 + Special Attack modifier damage, and on hit, roll a d10. On a 8-10, the target is paralyzed."
"Double Shock, 5 PP; Physical, Electric; 20ft. User must be an Electric type. Deals 5d12 + Attack modifier damage, and the user loses its Electric typing on use."
"Eerie Impulse, 15 PP; Status, Electric; 15ft. Make an attack roll using Special Attack, and on hit, reduce the target's Special Attack by 2 stages."
"Electric Terrain, 10 PP; Status, Electric; 30ft. User creates Electric Terrain centered on the target point in range."
"Electrify, 15 PP; Status, Electric; 15ft. Make an attack roll using Special Attack, and on hit, the target's next move becomes Electric type."
"Electro Ball, 10 PP; Special, Electric; 30ft. Deals 6d12 + Special Attack modifier damage if the user is 20 or more Speed faster than the target, 4d12 + Special Attack modifier damage if the user is 15 or more Speed faster than the target, 3d10 + Special Attack modifier damage if the user is 10 or more Speed faster than the target, 2d10 + Special Attack modifier damage if the user is 1 or more Speed faster than the target, or 1d12 + Special Attack modifier damage if the user is the same or lower Speed than the target."
"Electro Drift, 5 PP; Special, Electric; 25ft. The user moves adjacent to the target before making the attack roll. Deals 5d12 + Special Attack modifier damage. If the move is super effective, it gains an additional 2 dice of damage."
"Electro Shot, 5 PP; Special, Electric; 30ft. Raises the user's Special Attack by 1 stage, then ends its turn. On the next turn, deals 5d10 + Special Attack modifier damage, but the user fires the shot immediately in rain."
"Electroweb, 15 PP; Special, Electric; 30ft. Deals 2d12 + Special Attack modifier damage, and creates a 25ft radius of electric webbing centered around the target. Individuals who end their turn in the webbing take 2d6 Electric damage, and it is considered difficult terrain."
"Fusion Bolt, 5 PP; Special, Electric; 30ft. Deals 5d12 + Special Attack modifier damage. If Fusion Flare was used in the same round, deals 7d12 + Special Attack modifier damage."
"G-Max Stun Shock; Physical or Special, Electric; 50ft. Toxtricity's Gigantamax move. Deals 6d10 + Attack or Special Attack modifier damage and roll a d10 for each target within 30ft of the original target. On a 6-10, roll a d20. On evens, the target is paralyzed, and on odds, the target is poisoned."
"G-Max Volt Crash; Physical or Special, Electric; 50ft. Pikachu's Gigantamax move. Deals 6d12 + Attack or Special Attack modifier damage and paralyzes the target and all targets within a 20 foot radius of it."
"Gigavolt Havoc; Physical or Special, Electric; 30ft. Electric type Z-Move. Deals 8d12 + Attack or Special Attack modifier damage."
"Ion Deluge, 20 PP; Status, Electric; 30ft radius. Makes all Normal type moves during the round into Electric type moves, and the move has priority."
"Magnet Rise, 5 PP; Status, Electric; Self. Makes the user immune to Ground type moves, and it gains a hovering speed of 30 feet for 5 turns."
"Magnetic Flux, 20 PP; Status, Electric; 30ft radius. Increases the Defense and Special Defense of the user and all allies in range by 1 stage if they have the ability Plus or Minus."
"Max Lightning; Physical or Special, Electric; 50ft. Electric type max move. Deals 6d10 + Attack or Special Attack modifier damage, and summons electric terrain centered on the target."
"Nuzzle, 20 PP; Physical, Electric; Melee. Deals 1d10 + Attack modifier damage and paralyzes the target."
"Overdrive, 10 PP; Special, Electric; 15ft radius. Make a separate attack on each target. Deals 4d10 + Special Attack modifier damage."
"Parabolic Charge, 3 PP; Special, Electric; 15ft radius. Make a separate attack on each target. On hit, deals 3d12 + Special Attack modifier damage and restores HP equal to half of the total damage dealt."
"Pika Papow, 1 PP; Special, Electric; 15ft. Pikachu only. Deals 5d12 + Attack modifier damage if user adores its trainer, 3d10 + Attack modifier damage if user strongly likes its trainer, 2d6 + Attack modifier damage if the user likes its trainer or 1d10 + Attack modifier damage if the user is neutral toward its trainer."
"Plasma Fists, 10 PP; Physical, Electric; 20ft cone. Make a separate attack on each target. Deals 5d12 + Attack modifier damage, and on hit, all Normal type moves for the rest of the round become Electric type."
"Rising Voltage, 15 PP; Special, Electric; 15ft radius. Make a separate attack on each target. Deals 3d12 + Special Attack modifier damage. In Electric Terrain, becomes a 25ft cone that deals 6d12 + Special Attack modifier damage."
"Shock Wave, 10 PP; Special, Electric; 10ft radius. Automatically hits all targets, Deals 2d12 + Special Attack modifier damage."
"Spark, 20 PP; Physical, Electric; Melee. Deals 2d10 + Attack modifier damage and on hit, roll a d10. On an 8-10, the target is paralyzed."
"Stoked Sparksurfer; Special, Electric; 50ft. Alolan Raichu's Z-Move, using Thunderbolt. Deals 7d12 + Special Attack modifier damage and paralyzes the target."
"Supercell Slam, 10 PP; Physical, Electric; 20ft. The user moves adjacent to the target before making the attack roll. Deals 6d12 + Attack modifier damage. If the attack misses, the user takes 3d12 recoil damage."
"Thunder, 10 PP; Special, Electric; 50ft. Deals 5d10 + Special Attack modifier damage, and on hit, roll a d10. On a 10, the target is paralyzed. This move automatically hits in rainy weather."
"Thunder Cage, 10 PP; Special, Electric; 30ft. Deals 3d12 + Special Attack modifier damage. The target becomes unable to move or switch out for 1d4+1 turns, and it takes 1d8 damage at the end of each turn."
"Thunderclap, 10 PP; Special, Electric; 30ft. Uses a reaction against a target using a priority move to make an attack against them using this move. Deals 3d12 + Special Attack modifier damage."
"Thunder Fang, 15 PP; Physical, Electric; Melee. Deals 3d10 + Attack modifier damage, and on hit, roll a 2d10. On a 10, on the first die, the target is paralyzed. On a 10, on the second die, the target flinches."
"Thunder Punch, 15 PP; Physical, Electric; Melee. Deals 3d12 + Attack modifier damage, and on hit, roll a d10. On a 10, the target is paralyzed."
"Thunder Shock, 30 PP; Special, Electric; 15ft. Deals 1d12 + Special Attack modifier damage, and on hit, roll a d10. On a 10, the target is paralyzed."
"Thunder Wave, 20 PP; Status, Electric; 30ft. Make an attack roll using Special Attack. On hit, the target is paralyzed."
"Thunderbolt, 15 PP; Special, Electric; 30ft. Deals 4d10 + Special Attack modifier damage, and on hit, roll a d10. On a 10, the target is paralyzed."
"Volt Switch, 20 PP; Special, Electric; 15ft. Deals 3d10 + Attack modifier damage, and on hit, the user switches out, or moves 30 feet without taking opportunity attacks."
"Volt Tackle, 15 PP; Physical, Electric; Melee. Deals 5d10 + Attack modifier damage, and on hit, roll a d10. On a 10, the target is paralyzed. User takes recoil damage equal to half of the damage dealt."
"Wild Charge, 15 PP; Physical, Electric; 20ft. The user moves adjacent to the target before making the attack roll. Deals 4d12 + Attack modifier damage, and user takes recoil damage equal to 1/4 of the damage dealt."
"Wildbolt Storm, 10 PP; Special, Electric; 30ft. Deals 5d12 + Special Attack modifier damage on hit, and on hit, roll a d10. On an 8-10, the target is paralyzed."
"Zap Cannon, 3 PP; Special, Electric; 30ft. Deals 6d10 + Special Attack modifier damage, and automatically paralyzes the target."
"Zing Zap, 10 PP; Physical, Electric; Melee. Deals 3d12 + Attack modifier damage, and on hit, roll a d10. On an 8-10, the target flinches."
"Zippy Zap, 3 PP; Special, Electric; 15ft. Pikachu only. Automatically crits. Deals 2d12 + Special Attack modifier damage."
"Bone Club, 20 PP; Physical, Ground ; Melee. Deals 2d12 + Attack modifier damage, and on hit, roll a d10. On a 10, the target flinches."
"Bone Rush, 15 PP; Physical, Ground; 10ft. Roll a d4+1, making a number of attacks equal to the roll. Deals 1d6 + Attack modifier damage."
"Bonemerang, 10 PP; Physical, Ground; 15ft. Make two attack rolls, each able to target a different individual. Deals 2d10 + Attack modifier damage."
"Bulldoze, 20 PP; Physical, Ground; 15ft radius. Make a separate attack on each target. Deals 2d12 + Attack modifier damage, and on hit, reduces target's Speed by 1 stage."
"Dig, 10 PP; Physical, Ground; Melee. On first using this move, the user digs underground and becomes semi-invulnerable to damage. On the next turn, the user can move up to double its movement speeds and make the attack against a target it moves to. Deals 4d10 + Attack modifier damage."
"Drill Run, 10 PP; Physical, Ground; 30ft line. Make a separate attack on each target, moving to the end of the line. Deals 3d12 + Attack modifier damage, and it crits on a 19-20."
"Earth Power, 10 PP; Special, Ground; 30ft. Make a separate attack on each target within a 15ft radius of the target. Deals 4d10 + Special Attack modifier damage, and on hit, roll a d10. On a 10, reduce the target's Special Defense by 1 stage."
"Earthquake, 10 PP; Physical, Ground; 30ft radius. Make a separate attack on each target. Deals 4d12 + Attack modifier damage."
"Fissure, 5 PP; Physical, Ground; 15ft. Roll a d100. On a roll of 96 or higher, the target instantly faints."
"G-Max Sandblast; Physical or Special, Ground; 50ft. Sandaconda's Gigantamax move. Deals 6d10 + Attack or Special Attack modifier damage and creates a Sand Tomb centered on the target."
"Headlong Rush, 5 PP; Physical, Ground; 30ft. The user moves adjacent to the target before making the attack roll. Deals 5d10 + Attack modifier damage, and reduces user's Defense and Special Defense by 1 stage."
"High Horsepower, 10 PP; Physical, Ground; Melee. Deals 4d10 + Attack modifier damage."
"Land's Wrath, 10 PP; Physical, Ground; 15ft radius. Make a separate attack on each target. Deals 4d10 + Attack modifier damage."
"Magnitude, 25 PP; Physical, Ground; 15ft radius. Make a separate attack on each target. When using the move, roll a d20. On a 1, it deals 1d6 + Attack modifier damage, on a 2-5, deals 1d12 + Attack modifier damage, on a 6-9 deals 2d12 + Attack modifier damage, on a 10-14 deals 3d10 + Attack modifier damage, on a 15-17 deals 4d10 + Attack modifier damage, on a 18-19 deals 5d10 + Attack modifier damage, and on a 20 deals 6d12 + Attack modifier damage."
"Max Quake; Physical or Special, Ground; 50ft. Ground type max move. Deals 6d10 + Attack or Special Attack modifier damage, and raises the Special Defense of the user and all allies in range by 1 stage."
"Mud Bomb, 10 PP; Special, Ground; 30ft. Deals 2d12 + Special Attack modifier damage, and all targets within 15ft of the target take 1/2 of the damage dealt to the original target. On hit, roll a d10. On an 8-10, the target has disadvantage on its next attack roll."
"Mud Shot, 15 PP; Special, Ground; 15ft cone. Make a separate attack on each target. Deals 2d12 + Special Attack modifier damage and reduces the target's Speed by 1 stage."
"Mud Sport, 10 PP; Status, Ground; Self. Makes all Electric type attacks deal half damage for 5 rounds."
"Mud Slap, 10 PP; Special, Ground; 15ft. Deals 1d10 + Special Attack modifier damage, and the target's next attack is rolled at disadvantage."
"Precipice Blades, 10 PP ; Physical, Ground; 20ft cone. Make a separate attack on each target. Deals 5d10 + Attack modifier damage."
"Rototiller, 10 PP; Status, Ground; 30ft radius. Increases the Attack and Special Attack of all grounded Grass type allies in range."
"Sand Attack, 15 PP; Status, Ground; 15ft. Make an attack roll using Attack. On hit, the target has disadvantage on its next attack roll."
"Sand Tomb, 10 PP; Physical, Ground; 15ft radius. Make a separate attack on each target. Deals 1d12 + Attack modifier damage, and makes a ring of swirling sand. If an individual moves inside or outside of the ring, it takes 2d6 damage, and on each turn a target stays within the ring, at the end of its turn, it takes 1d6 damage, and individuals in the ring have their movement halved and can't be switched out. The ring lasts d4+1 turns, and the user cannot use Sand Tomb again until the current ring disappears."
"Sandsear Storm, 10 PP; Special, Ground; 30ft. Deals 5d12 + Special Attack modifier damage on hit, and on hit, roll a d10. On an 8-10, the target is burned."
"Scorching Sands, 10 PP; Special, Ground; 20ft. Deals 3d10 + Special Attack modifier damage, and on hit, roll a d10. On an 8-10, the target is burned. This move cures the user and target of frostbite."
"Shore Up, 1 PP; Status, Ground; Self. Restores HP equal to 1/2 of the user's max HP, or 2/3 of the user's max HP in a sandstorm."
"Spikes, 10 PP; Status, Ground; 30ft radius. Sets up a layer of spikes in the area. An individual that isn't a Flying type or Ground type takes 1d10 damage at the end of each turn while in the spikes. This increases to 1d12 damage with two layers of spikes, and again to 2d8 damage with three layers of spikes, and the field of spikes is difficult terrain. The user is unaffected by these spikes."
"Stomping Tantrum, 10 PP; Physical, Ground; Melee. Deals 3d12 + Attack modifier damage. Each time the user misses an attack, this move gains an additional die of damage. This bonus resets when it successfully lands an attack."
"Tectonic Rage; Physical or Special, Ground; 30ft. Ground type Z-Move. Deals 8d12 + Attack or Special Attack modifier damage."
"Thousand Arrows, 10 PP; Physical, Ground; 50ft. Make a separate attack on each target within a 25ft radius of the target. Make a separate attack on each target, including targets normally immune to Ground type moves. Deals 4d12 + Attack modifier damage."
"Thousand Waves, 10 PP; Physical, Ground; 20ft cone. Make a separate attack on each target. Deals 4d12 + Attack modifier damage, and the target becomes unable to move or switch out for 1d4+1 turns."
"Accelerock, 20 PP; Physical, Rock; Melee. Deals 2d12 + Attack modifier damage, and the move has priority."
"Ancient Power, 5 PP; Special, Rock; 30ft. Deals 3d10 + Special Attack modifier damage, and on hit, roll a d10. On a 10, increase user's Attack, Defense, Special Attack, Special Defense and Speed by 1 stage."
"Continental Crush; Physical or Special, Rock; 30ft. Rock type Z-Move. Deals 8d12 + Attack or Special Attack modifier damage."
"Diamond Storm, 5 PP; Physical, Rock; 20ft cone. Make a separate attack on each target. Deals 5d10 + Attack modifier damage, and for each hit target, roll a d20. On evens, increases the user's Defense by 2 stages."
"G-Max Volcalith; Physical or Special, Rock; 50ft. Coalossal's Gigantamax move. Deals 6d10 + Attack or Special Attack modifier damage and each non-Rock type within range takes 2d8 damage at the end of each turn for 4 turns."
"Head Smash, 3 PP; Physical, Rock; Melee. Deals 6d10 + Attack modifier damage and user takes recoil equal to half of the damage dealt."
"Max Rockfall; Physical or Special, Rock; 50ft. Rock type max move. Deals 6d10 + Attack or Special Attack modifier damage, and summons a sandstorm."
"Meteor Beam, 5 PP; Special, Rock; 50ft line. The user ends its turn after using this move and raising its Special Attack by 1 stage. On its next turn, the user makes a separate attack on each target in range. Deals 5d10 + Special Attack modifier damage."
"Mighty Cleave, 3 PP; Physical, Rock; 10ft. Deals 4d12 + Attack modifier damage and ignores moves that would have protected the user, such as Protect or Spiky Shield."
"Power Gem, 20 PP; Special, Rock; 30ft. Deals 3d12 + Special Attack modifier damage."
"Rock Blast, 15 PP; Physical, Rock; 15ft. Roll a d4+1, making a number of attacks equal to the roll. Deals 1d6 + Attack modifier damage."
"Rock Polish, 20 PP; Status, Rock; Self. Increases the user's Speed by 2 stages."
"Rock Slide, 10 PP; Physical, Rock; 30ft. Make attacks on each target within a 10ft radius, centered around the target. Deals 3d12 + Attack modifier damage, and on hit, roll a d10. On an 8-10, the target flinches."
"Rock Throw, 15 PP; Physical, Rock; 30ft. Deals 2d10 + Attack modifier damage."
"Rock Tomb, 15 PP; Physical, Rock; 30ft. Deals 2d12 + Attack modifier damage, and reduces the target's Speed by 1 stage and decreases their movement speeds by half until the start of its next turn."
"Rock Wrecker, 3 PP; Physical, Rock; 50ft. Deals 6d10 + Special Attack modifier damage and forces the user to skip its next turn to recharge."
"Rollout, 20 PP; Physical, Rock; 10ft. Deals 1d10 + Attack modifier damage, and the user continues to use this move on each of its turns until it misses. Each turn the user succeeds in damaging with this move, it adds an additional die of damage."
"Salt Cure, 15 PP; Physical, Rock; 15ft. Deals 2d10 + Attack modifier damage. The target takes 2d6 damage at the end of each of its turns, or 4d6 if the target is Water or Steel type."
"Sandstorm, 5 PP; Status, Rock; Self. Summon a sandstorm for 5 turns."
"Smack Down, 15 PP; Physical, Rock; 30ft. Deals 2d10 + Attack modifier damage, and if the target is not grounded, it becomes grounded and unable to use a flying or hovering speed until it is switched out or the user is switched out."
"Splintered Stormshards; Physical, Rock; 50ft. Lycanroc's Z-Move, using Stone Edge. Deals 9d8 + Special Attack modifier damage, and removes all terrain within a 50 foot radius of the user."
"Stealth Rock, 20 PP; Status, Rock; 30ft radius. Creates a field of stealth rocks around the user. Targets that move into the field or end their turn in the field take 3d10 + Attack modifier damage, which is affected by type effectiveness. Pokémon can only take this damage once per field of stealth rocks."
"Stone Axe, 15 PP; Physical, Rock; Melee. Deals 3d12 + Attack modifier damage, and creates a field of stealth rocks centered on the targets."
"Stone Edge, 5 PP; Physical, Rock; 30ft. Make attacks on each target within a 10ft radius, centered around the target. Deals 4d12 + Attack modifier damage, and crits on a 19-20."
"Tar Shot, 15 PP; Status, Rock; 15ft. Make an attack roll using Special Attack. On hit, the target becomes 2x weak to Fire type moves regardless of its typings, or 4x weak if it is already weak to Fire type moves, and reduces the target's Speed by 1 stage."
"Wide Guard, 3 PP; Status, Rock; Self. Uses a reaction to block an attack that can hit multiple Pokémon completely when hit, protecting all targets in the area. This only blocks the move that Wide Guard is used on."
"Astonish, 25 PP; Physical, Ghost; Melee. Deals 1d10 + Attack modifier damage, and on hit, roll a d10. On an 8-10, the target flinches."
"Astral Barrage, 5 PP; Special, Ghost; 30ft. Make attacks on each target within a 10ft radius, centered around the target. Deals 5d10 + Special Attack modifier damage."
"Bitter Malice, 10 PP; Special, Ghost; 30ft. Deals 3d12 + Special Attack modifier damage, and on hit, roll a d10. On an 8-10, the target is frostbitten. Deals 6d12 + Special Attack modifier damage instead if the target is afflicted with a non-volatiles status condition (burn, paralysis, poison, etc)."
"Confuse Ray, 10 PP; Status, Ghost; 15ft. Make an attack roll using Special Attack. On hit, the target is confused."
"Curse, 10 PP; Status, Ghost; Self/30ft. If the user is not a Ghost type, increases Defense and Attack by 1 stage but lowers Speed by 1 stage. If the user is a Ghost type, make an attack roll using Special Attack against the target. On hit, the user takes damage equal to half of its max HP and inflicts a target within 30 feet of the user with a curse."
"Destiny Bond, 1 PP; Status, Ghost; Self. If the user faints as a result of an attack from an individual, it may use its reaction to cause the attacker to faint as well."
"G-Max Terror; Physical or Special, Ghost; 50ft. Gengar's Gigantamax move. Deals 6d10 + Attack or Special Attack modifier damage and the target cannot move or switch out for 3 turns."
"Grudge, 5 PP; Status, Ghost; Self. If the user faints as a result of an attack from an individual before its next turn, the attacker loses all PP for the move that knocked it out."
"Hex, 10 PP; Special, Ghost; 30ft. Deals 2d12 + Special Attack modifier damage. Deals 4d12 + Special Attack modifier damage instead if the target is afflicted with a non-volatile status condition (burn, paralysis, poison, etc)."
"Infernal Parade, 15 PP; Special, Ghost; 30ft. Deals 3d10 + Special Attack modifier damage, and on hit, roll a d10. On an 8-10, the target is burned. Deals 6d10 + Special Attack modifier damage instead if the target is afflicted with a non-volatiles status condition (burn, paralysis, poison, etc)."
"Last Respects, 10 PP; Physical, Ghost; Melee. Deals 2d10 + Attack modifier damage. Each time an ally faints, this attack gains an additional damage dice."
"Lick, 25 PP; Physical, Ghost; Melee. Deals 1d10 + Attack modifier damage, and on hit, roll a d10. On an 8-10, the target is paralyzed."
"Max Phantasm; Physical or Special, Ghost; 50ft. Ghost type max move. Deals 6d10 + Attack or Special Attack modifier damage, and lowers the Defense of the target and all enemies within a 15ft radius of the target by 1 stage."
"Menacing Moonraze Maelstrom; Special, Ghost; Melee. Lunala's Z-Move, using Moongeist Beam. Deals 9d10 + Special Attack modifier damage, and it ignores abilities"
"Moongeist Beam, 5 PP; Special, Ghost; 30ft line. Make a separate attack on each target. Deals 5d12 + Special Attack modifier damage, and it ignores abilities."
"Never-Ending Nightmare; Physical or Special, Ghost; 30ft. Ghost type Z-Move. Deals 8d12 + Attack or Special Attack modifier damage."
"Night Shade, 15 PP; Special, Ghost; 30ft. Deals damage equal to the user's level."
"Nightmare, 15 PP; Status, Ghost; 30ft. Make an attack roll using Attack against the target. If the target is asleep, afflicts them with a nightmare which deals 3d10 damage to the target at the start of each of its turns."
"Ominous Wind, 15 PP; Special, Ghost; 15ft cone. Make a separate attack on each target. Deals 3d10 + Special Attack modifier damage, and on hit, roll a d10. On a 10, increase the user's Attack, Defense, Special Attack, Special Defense and Speed by 1 stage."
"Phantom Force, 10 PP; Physical, Ghost; Melee. On first using this move, the user becomes invisible and becomes semi-invulnerable to damage. On the next turn, the user can move up to double its movement speeds and make the attack against a target it moves to. Deals 4d10 + Attack modifier damage."
"Poltergeist, 5 PP; Physical, Ghost; 15ft. Deals 5d12 + Attack modifier damage, but can only be used if the target has a held item."
"Rage Fist, 10 PP; Physical, Ghost; Melee. Deals 2d10 + Attack modifier damage. Each time the user takes damage, the attack gains an additional damage die."
"Shadow Ball, 15 PP; Special, Ghost; 20ft. Deals 3d12 + Special Attack modifier damage, and on hit, roll a d10. On a 9-10, reduces the target's Special Defense by 1 stage."
"Shadow Bone, 10 PP; Physical, Ghost; 10ft. Deals 4d10 + Attack modifier damage, and on hit, roll a d10. On a 9-10, reduces the target's Defense by 1 stage."
"Shadow Claw, 15 PP; Physical, Ghost; Melee. Deals 3d12 + Attack modifier damage, and crits on a 19-20."
"Shadow Force, 10 PP; Physical, Ghost; Melee. On first using this move, the user becomes invisible and becomes semi-invulnerable to damage. On the next turn, the user can move up to double its movement speeds and make the attack against a target it moves to. Deals 5d12 + Attack modifier damage, ignoring and removing protection moves from the target. If the target has made it so that an attack made against it will have disadvantage, this attack has advantage instead."
"Shadow Punch, 10 PP; Physical, Ghost; Melee. Automatically hits. Deals 2d12 + Attack modifier damage."
"Shadow Sneak, 25 PP; Physical, Ghost; 15ft. Deals 1d12 + Attack modifier damage, and the attack has priority."
"Sinister Arrow Raid; Physical, Ghost; 50ft. Decidueye's Z-Move, using Spirit Shackle. Deals 8d10 + Attack or Special Attack modifier damage."
"Soul Stealing 7-Star Strike; Physical, Ghost; Melee. Marshadow's Z-Move, using Spectral Thief. Deals 8d12 + Attack modifier damage."
"Spectral Thief, 10 PP; Physical, Ghost; Melee. Deals 4d10 + Attack modifier damage, and on hit, steals all of the target's positive stat changes, reducing them to +0. Also bypasses substitutes."
"Spirit Shackle, 10 PP; Physical, Ghost; 150ft. Make a separate attack on each target in a straight 20ft line centered on the target. Deals 3d12 + Attack modifier damage, and on hit, the target cannot move or be switched out until the end of its next turn."
"Spite, 10 PP; Status, Ghost; 30ft. Make an attack roll using Special Attack. On hit, roll a 1d4+1, reducing the PP of the target's last used move by that amount."
"Trick-or-Treat, 20 PP; Status, Ghost; 30ft. Adds Ghost to the target's typing, even if it already has two typings."
"Assurance, 10 PP; Physical, Dark; Melee. Deals 2d10 + Attack modifier damage. If the target has already taken damage this round, deals 3d10 + Attack modifier damage instead."
"Baddy Bad, 3 PP; Special, Dark; 15ft. Eevee only. Deals 4d10 + Special Attack modifier damage, and creates a reflect around the user."
"Beat Up, 10 PP; Physical, Dark; Melee. The user makes a number of attacks equal to the number of allies in its trainer's party. Deals 1d6 + Attack modifier damage."
"Bite, 25 PP; Physical, Dark; Melee. Deals 2d10 + Attack modifier damage, and on hit, roll a d10. On an 8-10, the target flinches."
"Blackhole Eclipse ; Physical or Special, Dark; 30ft. Dark type Z-Move. Deals 8d12 + Attack or Special Attack modifier damage."
"Brutal Swing, 20 PP; Physical, Dark; 10ft radius. Make a separate attack on each target. Deals 2d10 + Attack modifier damage."
"Ceaseless Edge, 15 PP; Physical, Dark; Melee. Deals 3d12 + Attack modifier damage, and sets up a layer of spikes centered on the target. The user is unaffected by these spikes, and the move crits on a 19-20."
"Comeuppance, 3 PP; Physical, Dark; Melee. As a reaction against taking damage, deal double the damage dealt to the user back to the target."
"Crunch, 15 PP; Physical, Dark; Melee. Deals 3d12 + Attack modifier damage, and on hit, roll a d10. On a 9-10, reduce the target's Defense by 1 stage."
"Dark Pulse, 15 PP; Special, Dark; 20ft line. Make a separate attack on each target. Deals 3d12 + Special Attack modifier damage, and on hit, roll a d10. On a 9-10, the target flinches."
"Dark Void, 5 PP; Status, Dark; 15ft radius. Make an attack roll using Special Attack on each target. On hit, a target falls asleep."
"Darkest Lariat, 10 PP; Physical, Dark; 10ft radius. Make a separate attack on each target. Deals 3d12 + Attack modifier damage, and it ignores boosts to the target's Defense and effects that would have disadvantage be imposed on the user."
"Embargo, 15 PP; Status, Dark; 30ft. Make an attack roll using Attack. On hit, the target becomes unable to benefit from any held items, and a trainer cannot use items on that Pokémon. This effect ends when the Pokémon is switched out."
"Fake Tears, 20 PP; Status, Dark; 15ft. Make an attack roll using Special Attack. On hit, reduces the target's Special Defense by 2 stages."
"False Surrender, 5 PP; Physical, Dark; Melee. Automatically hits. Deals 3d12 + Attack modifier damage."
"Feint Attack, 10 PP; Physical, Dark; Melee. Automatically hits. Deals 2d12 + Attack modifier damage."
"Fiery Wrath, 10 PP; Special, Dark; 15ft cone. Make a separate attack on each target. Deals 4d10 + Special Attack modifier damage, and on hit, roll a d10. On a 9-10, the target flinches."
"Flatter, 15 PP; Status, Dark; 15ft. Make an attack roll using Special Attack. Increases the target's Special Attack by 1 stage, and confuses it."
"Fling, 10 PP; Physical, Dark; 30ft. Deals damage with additional effects depending on the user's held item. The user expends the held item and it must be holding an item to be able to use this move."
"Foul Play, 15 PP; Physical, Dark; Melee. Deals Xd10 + Attack modifier damage, where X is equal to the target's Attack modifier."
"G-Max One Blow; Physical or Special, Dark; 50ft. Single Strike Urshifu's Gigantamax move. Deals 6d10 + Attack or Special Attack modifier damage and it ignores moves like protect."
"G-Max Snooze; Physical or Special, Dark; 50ft. Grimmsnarl's Gigantamax move. Deals 6d10 + Attack or Special Attack modifier damage and the target becomes drowsy as if by yawn."
"Hone Claws, 5 PP; Status, Dark; Self. Raises the user's Attack by 1 stage, and its next attack has advantage."
"Hyperspace Fury, 3 PP; Physical, Dark; 30ft. Automatically hits. Deals 5d10 + Attack modifier damage and reduces the target's Defense by 1 stage, and it ignores moves like Protect."
"Jaw Lock, 10 PP; Physical, Dark; Melee. Deals 3d12 + Attack modifier damage, and prevents both the user and target from moving or switching out for 3 turns."
"Knock Off, 20 PP; Physical, Dark; Melee. Deals 2d12 + Attack modifier damage and removes the target's held item. If the target has a held item, it deals 3d12 + Attack modifier damage."
"Kowtow Cleave, 10 PP; Physical, Dark; Melee. Automatically hits. Deals 4d10 + Attack modifier damage."
"Lash Out, 5 PP; Physical, Dark; Melee. Deals 3d10 + Attack modifier damage. If the user has had its stats lowered during the round, it deals 6d10 + Attack modifier damage instead."
"Malicious Moonsault; Physical, Dark; 30ft. Incineroar's Z-Move, using Darkest Lariat. The user moves adjacent to the target before making the attack roll. Deals 8d10 + Attack or Special Attack modifier damage. If the target has an effect that would impose disadvantage on an attack, this attack deals 12d10 + Attack modifier damage instead."
"Max Darkness; Physical or Special, Dark; 50ft. Dark type max move. Deals 6d10 + Attack or Special Attack modifier damage, and lowers the Special Defense of the target and all enemies within a 15ft radius of the target by 1 stage."
"Memento, 1 PP; Status, Dark; 30ft. The user faints, and the target has its Attack, Defense, Special Attack, Special Defense, and Speed by 3 stages."
"Nasty Plot, 10 PP; Status, Dark; Self. Raises the user's Special Attack by 2 stages."
"Night Daze, 5 PP; Special, Dark; 15ft radius. Make a separate attack on each target. Deals 3d10 + Special Attack modifier damage, and on hit, roll a d10. On a 7-10, the target has disadvantage on its next attack."
"Night Slash, 15 PP; Physical, Dark; Melee. Deals 3d12 + Attack modifier damage, and it crits on a 19-20."
"Obstruct, 3 PP; Status, Dark; Self. Uses a reaction to block an attack or move completely when hit. If the attack would have made direct contact, the attacker's Defense is reduced by 2 stages. This only blocks the move that Obstruct is used on."
"Parting Shot, 20 PP; Status, Dark; 15ft. Make an attack roll using Attack. On hit, the target's Attack and Special Attack are reduced by 1 stage, and the user switches out or moves 30 feet away."
"Payback, 10 PP; Physical, Dark; Melee. Deals 2d12 + Attack modifier. If the user moves after the target, it deals 4d12 + Attack modifier damage instead."
"Power Trip, 10 PP; Physical, Dark; Melee. Deals 1d10 + Attack modifier damage. The attack gains an additional damage die for each increased stat stage the user has."
"Punishment, 5 PP; Physical, Dark; Melee. Deals 2d10 + Attack modifier damage. The attack gains an additional damage die for each increased stat stage the target has."
"Pursuit, 20 PP; Physical, Dark; 15ft. Deals 2d10 + Attack modifier damage on hit. Can be used as a reaction against a target moving away from the user or being switched out while adjacent to the user, dealing 4d10 + Attack modifier damage instead."
"Quash, 15 PP; Status, Dark; 10ft. Forces the target to act at the end of the turn."
"Ruination, 10 PP; Special, Dark; 30ft. The user reduces the target's HP by 50% of its current HP."
"Snarl, 15 PP; Special, Dark; 10ft radius. Make a separate attack on each target. Deals 2d12 + Special Attack modifier damage, and reduces a target's Special Attack by 1 stage."
"Snatch, 5 PP; Status, Dark; Melee. Make an attack roll using Attack, and on hit, steals the target's positive stat boosts."
"Sucker Punch, 5 PP; Physical, Dark; Melee. Deals 1d10 + Attack modifier damage, and on hit, the user can move a number of feet equal to its walking speed without provoking attacks of opportunity. Until the end of the user's next turn, if the target moves, the user can move adjacent to the target and automatically hit to deal 3d10 + Attack modifier damage."
"Switcheroo, 10 PP; Status, Dark; 30ft. Swaps the held items of the target and user. If both targets don't have items, it simply transfers whatever one item is in play from either the user to the target or from the target to the user."
"Taunt, 20 PP; Status, Dark; 30ft. Make an attack roll using Attack. On hit, the target is prevented from using status moves for 3 turns."
"Thief, 25 PP; Physical, Dark; Melee. Deals 3d10 + Attack modifier damage and steals the target's held item."
"Throat Chop, 15 PP; Physical, Dark; Melee. Deals 3d12 + Attack modifier damage, and the target can't use sound-based moves for 2 turns."
"Topsy-Turvy, 15 PP; Status, Dark; 15ft. Make an attack roll using attack. Makes positive stat changes and negative stat changes positive on the target."
"Torment, 20 PP; Status, Dark; 30ft. Make an attack roll using Attack. On hit, the target is prevented from using the same move twice in a row for 3 turns."
"Wicked Blow, 3 PP; Physical, Dark; Melee. Automatically crits. Deals 3d12 + Attack modifier damage."
"Breaking Swipe, 15 PP; Physical, Dragon; 10ft cone. Make a separate attack on each target. Deals 2d10 + Attack modifier damage, and reduces target's Attack by 1 stage."
"Clanging Scales, 5 PP; Special, Dragon; 15ft radius. Make a separate attack on each target. Deals 5d10 + Special Attack modifier damage, and reduces the user's Defense by 1 stage."
"Clangorous Soul, 3 PP; Status, Dragon; Self. User takes damage equal to 1/3 of its max HP. Increases the user's Attack, Defense, Special Attack, Special Defense and Speed by 1 stage."
"Clangorous Soublaze; Special, Dragon; 25ft radius. Kommo-o's Z-Move, using Clanging Scales. Make an attack on each target. Deals 8d10 + Special Attack modifier damage. Raises the user's Attack, Defense, Special Attack, Special Defense and Speed by 1 stage."
"Core Enforcer, 10 PP; Special, Dragon; 50ft. Deals 4d10 + Special Attack modifier damage, and the target's ability is suppressed for the rest of battle."
"Devastating Drake; Physical or Special, Dragon; 30ft. Dragon type Z-Move. Deals 8d12 + Attack or Special Attack modifier damage."
"Draco Meteor, 5 PP; Special, Dragon; 25ft radius. Deals 5d12 + Special Attack modifier damage and decreases the user's Special Attack by 2 stages."
"Dragon Breath, 20 PP; Special, Dragon; 15ft cone. Make a separate attack on each target. Deals 3d12 + Special Attack modifier damage, and on hit, roll a d10. On an 8-10, the target is paralyzed."
"Dragon Cheer, 5 PP; Status, Dragon; 20ft radius. Increases the user and all allies' critical hit range by +1, or +2 if the ally is a Dragon type. This cannot stack."
"Dragon Claw, 15 PP; Physical, Dragon; Melee. Deals 3d10 + Attack modifier damage."
"Dragon Dance, 15 PP; Status, Dragon; Self. Increases the user's Attack and Speed by 1 stage."
"Dragon Darts, 10 PP; Physical, Dragon; 30ft. Make two separate attacks. Deals 2d10 + Attack modifier damage on hit."
"Dragon Energy, 5 PP; Special, Dragon; 30ft line. Make a separate attack on each target. Deals 5d12 + Special Attack modifier damage if user is at full HP, 3d10 + Special Attack modifier damage if user is above half HP, or 1d12 + Special Attack modifier damage if the user is below half HP."
"Dragon Hammer, 15 PP; Physical, Dragon; Melee. Deals 4d10 + Attack modifier damage."
"Dragon Pulse, 10 PP; Special, Dragon; 20ft line. Make a separate attack on each target. Deals 4d10 + Special Attack modifier damage."
"Dragon Rage, 3 PP; Special, Dragon; 10ft. Deals exactly 40 damage to the target."
"Dragon Rush, 10 PP; Physical, Dragon; 20ft. The user moves adjacent to the target before making the attack roll. Deals 5d10 + Attack modifier damage, and on hit, roll a d10. On a 9-10, target flinches."
"Dragon Tail, 10 PP; Physical, Dragon; 10ft radius. Make a separate attack on each target. Deals 3d10 + Attack modifier, and on hit, the target is switched out or moved up to 20 feet away from the user, but only if the user has moved after the target."
"Dual Chop, 15 PP; Physical, Dragon; Melee. Make two attacks. Deals 2d10 + Attack modifier damage on hit."
"Dynamax Cannon, 5 PP; Special, Dragon; 50ft. Deals 4d12 + Special Attack modifier damage, or 8d12 + Special Attack modifier damage if the target is Dynamaxed or Gigantamaxed."
"Eternabeam, 5 PP; Special, Dragon; 30ft line. Make a separate attack on each target. Deals 6d10 + Special Attack modifier damage, and the user must take its next turn to recharge."
"Fickle Beam, 5 PP; Special, Dragon; 25ft line. Make a separate attack on each target. Deals 4d10 + Special Attack modifier damage, and on hit, roll a d10. On a 8-10, this attack deals 8d10 + Special Attack modifier damage instead."
"G-Max Depletion; Physical or Special, Dragon; 50ft. Duraludon's Gigantamax move. Deals 6d10 + Attack or Special Attack modifier damage and reduces the PP of the target's last used move by 5."
"Glaive Rush, 5 PP; Physical, Dragon; 20ft. The user moves adjacent to the target before making the attack roll. Deals 7d12 + Attack modifier damage. Until the start of the user's next turn, it takes double damage from attacks, and attacks can't miss."
"Max Wyrmwind; Physical or Special, Dragon; 50ft. Dragon type max move. Deals 6d10 + Attack or Special Attack modifier damage, and lowers the Attack of the target and all enemies within a 15ft radius of the target by 1 stage."
"Order Up, 10 PP; Physical, Dragon; 15ft. Deals 3d12 + Attack modifier damage, and if the user has a Tatsugiri in its mouth, increases its Attack, Defense or Speed by 1 stage depending on the type of Tatsugiri."
"Outrage, 10 PP; Physical, Dragon; Melee. Roll a 1d2+1, being forced into using Outrage that many rounds in a row. Deals 5d12 + Attack modifier damage, and when this period of being forced to use this move ends, the user is confused."
"Roar of Time, 5 PP; Special, Dragon; 25ft cone. Make a separate attack on each target. Deals 6d10 + Special Attack modifier damage, and the user must take the next turn to recharge."
"Scale Shot, 15 PP; Physical, Dragon; 15ft. Roll a d4+1, making a number of attacks equal to the roll. Deals 1d6 + Attack modifier damage, and on any hit, the user's Speed is increased by 1 stage, and the user's Defense is decreased by 1 stage."
"Spacial Rend, 5 PP; Special, Dragon; 30ft. Deals 5d12 + Special Attack modifier damage, and it crits on a 19-20."
"Twister, 5 PP; Special, Dragon; 30ft. Summons a swirling twister of draconic energy, and when used, the target takes 1d12 + Special Attack modifier damage. The twister lasts 1d4+1 turns, and the user of the move can move it up to 30 feet each turn without need for an action. When the twister enters a target's space, you make an attack roll against it, and on hit, it takes damage. This twister can hit multiple targets in a turn, but once an individual is hit, it cannot be hit by the twister again until the next turn."
"Attack Order, 15 PP; Physical, Bug; 30ft. Deals 4d12 + Attack modifier damage and crits on a 19-20."
"Bug Bite, 20 PP; Physical, Bug; Melee. Deals 2d12 + Attack modifier damage, and if the target is holding a berry, the user steals and eats it."
"Bug Buzz, 10 PP; Special, Bug; 15ft cone. Make a separate attack on each target. Deals 4d10 + Special Attack modifier damage, and on hit, roll a d10. On a 10, reduce the target's Special Defense by 1 stage."
"Defend Order, 10 PP; Status, Bug; Self. Increases the user's Defense and Special Defense by 1 stage."
"Fell Stinger, 20 PP; Physical, Bug; Melee. Deals 2d12 + Attack modifier damage. If the attack knocks out or kills the target, increases the user's Attack by 3 stages."
"First Impression, 10 PP; Physical, Bug; Melee. Deals 4d10 + Attack modifier damage. Can only be used on the first turn of a battle if the Pokémon is active, or on the first turn the Pokémon is swapped into battle. This move has priority."
"Fury Cutter, 20 PP; Physical, Bug; Melee. Deals 1d10 + Attack modifier damage. With each consecutive, successful attack, the damage gains an additional die. If the user misses an attack or uses a different move, the additional damage dice reset."
"G-Max Befuddle; Physical or Special, Bug; 50ft. Butterfree's Gigantamax move. Deals 6d10 + Attack or Special Attack modifier damage and the target becomes confused."
"Heal Order, 1 PP; Status, Bug; Self. Restores HP equal to half of the user's max HP."
"Infestation, 20 PP; Special, Bug; 15ft. Deals 1d10 + Special Attack modifier damage, and the target is infested for 5 turns. At the end of each turn, the target takes 1dX damage, where X is dependent on the target's HP class, and the target has its speed halved and cannot be switched out."
"Leech Life, 5 PP; Physical, Bug; Melee. Deals 3d12 + Attack modifier damage and restores HP to the user equal to half the damage dealt."
"Lunge, 15 PP; Physical, Bug; 25ft. The user moves adjacent to the target before making the attack roll. Deals 3d12 + Attack modifier damage, and on hit, reduces the target's Attack by 1 stage."
"Max Flutterby; Physical or Special, Bug; 50ft. Bug type max move. Deals 6d10 + Attack or Special Attack modifier damage, and lowers the Special Attack of the target and all enemies within a 15ft radius of the target by 1 stage."
"Megahorn, 10 PP; Physical, Bug; Melee. Deals 5d12 + Attack modifier damage."
"Pin Missile, 15 PP; Physical, Bug; 15ft. Roll a d4+1, making a number of attacks equal to the roll. Deals 1d6 + Attack modifier damage."
"Pollen Puff, 3 PP; Special, Bug; 30ft. Can target a foe or an ally, and if the target is an ally, the user automatically hits. Deals 4d12 + Special Attack modifier damage to a foe, or heals 4d12 + Special Attack modifier HP to an ally."
"Pounce, 20 PP; Physical, Bug; 20ft. The user moves adjacent to the target before making the attack roll. Deals 2d12 + Attack modifier damage and reduces the target's Speed by 1 stage."
"Powder, 20 PP; Status, Bug; 30ft. Make an attack roll using Special Attack. On hit, covers the target in powder, and the next Fire type move the target uses fails, exploding the powder and dealing damage equal to 25% of the target's max HP. The powder dissipates after 3 turns."
"Quiver Dance, 20 PP; Status, Bug; Self. Increases the user's Special Attack, Special Defense and Speed by 1 stage."
"Rage Powder, 20 PP; Status, Bug; 30ft radius. Make a separate attack roll using Special Attack on each target. On hit, targets must move toward and attack the target during the round, and this attack has priority."
"Savage Spin-Out; Physical or Special, Bug; 30ft. Bug type Z-Move. Deals 8d12 + Attack or Special Attack modifier damage."
"Signal Beam, 15 PP; Special, Bug; 20ft line. Make a separate attack on each target. Deals 3d12 + Special Attack modifier damage, and on hit, roll a d10. On a 10, the target is confused."
"Silk Trap, 3 PP; Status, Bug; Self. Uses a reaction to block an attack or move completely when hit. If the attack would have made direct contact, the attacker's Speed is reduced by 1 stage. This only blocks the move that Silk Trap is used on."
"Silver Wind, 5 PP; Special, Bug; 15ft cone. Make a separate attack on each target. Deals 3d12 + Special Attack modifier damage, and on hit, roll a d10. On a 10, increases the user's Attack, Defense, Special Attack, Special Defense, and Speed by 1 stage."
"Skitter Smack, 10 PP; Physical, Bug; Melee. The user can move up to half of its movement speed before making the attack. Deals 3d10 + Attack modifier damage and reduces the target's Special Attack by 1 stage."
"Spider Web, 10 PP; Status, Bug; 30ft radius. Sets up a layer of thick webbing in the area. Targets in the area have their movement halved while grounded, and individuals in the web cannot be switched out."
"Steamroller, 20 PP; Physical, Bug; Melee. Deals 3d12 + Attack modifier damage. If the target has an effect that would impose disadvantage on the attack, this attack ignores that effect and automatically hits instead."
"Sticky Web, 10 PP; Status, Bug; 30ft radius. Sets up a layer of sticky webs. Each time an individual moves into the webbing, or switches into the webbing, or is in the webbing when it is first set up, their Speed is decreased by 1 stage. While in the webbing, targets have their movement speed halved."
"String Shot, 30 PP; Status, Bug; 30ft. Make an attack roll using Attack, and on hit, reduces the target's Speed by 1 stage and the target's movement speeds by 10 feet."
"Struggle Bug, 20 PP; Special, Bug; 10ft radius. Make a separate attack on each target. Deals 2d10 + Special Attack modifier damage and decreases their Special Attack by 1 stage."
"Tail Glow, 20 PP; Status, Bug; Self. Increases the user's Special Attack by 3 stages."
"Twineedle, 20 PP; Physical, Bug; Melee. Make two attacks. Deals 1d10 + Attack modifier damage, and on hit, roll a d10. On a 9-10, the target is poisoned."
"U-Turn, 20 PP; Physical, Bug; Melee. Deals 2d12 + Attack modifier damage, and on hit, the user switches out, or moves 30 feet without taking opportunity attacks."
"X-Scissor, 15 PP; Physical, Bug; Melee. Make a separate attack on each target in a 15ft wide X-shape centered on the target. Deals 4d10 + Attack modifier damage, and it crits on a 19-20."
"Acid, 30 PP; Special, Poison; 20ft. Deals 1d12 + Special Attack modifier damage. On hit, roll a d10. On a 10, reduce the target's Defense by 1 stage."
"Acid Armor, 25 PP; Status, Poison; Self. Increases the user's Defense by 2 stages."
"Acid Downpour; Physical or Special, Poison; 30ft. Poison type Z-Move. Deals 8d12 + Attack or Special Attack modifier damage."
"Acid Spray, 20 PP; Special, Poison; 15ft cone. Make a separate attack on each target. Deals 2d12 + Special Attack modifier damage, and on hit, reduces the target's Special Defense by 2 stages."
"Baneful Bunker, 3 PP; Status, Poison; Self. Uses a reaction to block an attack or move completely when hit. If the attack would have made direct contact, the attacker is poisoned. This only blocks the move that Baneful Bunker is used on."
"Barb Barrage, 10 PP; Physical, Poison; Melee. Deals 3d10 + Attack modifier damage, and on hit, roll a d10. On an 8-10, the target is poisoned. Deals 6d10 + Attack modifier damage instead if the target is afflicted with a status condition."
"Belch, 10 PP; Special, Poison; 15ft cone. Make a separate attack on each target. Deals 5d12 + Special Attack modifier damage, but the move fails if the user has not eaten a berry during the battle."
"Clear Smog, 15 PP; Special, Poison; 15ft cone. Make a separate attack on each target. Deals 2d12 + Special Attack modifier damage and eliminates all stat changes of the target."
"Coil, 5 PP; Status, Poison; Self. Increases the user's Attack and Defense by 1 stage, and its next attack has advantage."
"Corrosive Gas, 30 PP; Status, Poison; 15ft. Make an attack roll using Special Attack, and on hit, removes the target's held items for the rest of battle."
"Cross Poison, 20 PP; Physical, Poison; Melee. Deals 3d12 + Attack modifier damage. On hit, roll a d10. On a 10, the target is poisoned, and it crits on a 19-20."
"Dire Claw, 15 PP; Physical, Poison; Melee. Deals 3d12 + Attack modifier damage, and on hit, roll a d10. On a 6-10, roll a d4. On a 1, target is paralyzed, on a 2, target is poisoned, on a 3, target is badly poisoned, on a 4, target is put to sleep. The move crits on a 19-20."
"G-Max Malodor; Physical or Special, Poison; 50ft. Garbodor's Gigantamax move. Deals 6d10 + Attack or Special Attack modifier damage and the target becomes badly poisoned."
"Gastro Acid, 10 PP; Status, Poison; 15ft cone. make a separate attack using Special Attack on all targets. On hit, the target's ability is suppressed for the rest of battle."
"Gunk Shot, 5 PP; Physical, Poison; 15ft cone. Make a separate attack on each target. Deals 5d12 + Attack modifier, and on hit, roll d10. On an 8-10, the target is poisoned."
"Malignant Chain, 5 PP; Special, Poison; 20ft. Deals 4d12 + Special Attack modifier damage, and on hit, roll a d20. On evens, the target is badly poisoned."
"Max Ooze; Physical or Special, Poison; 50ft. Poison type max move. Deals 6d10 + Attack or Special Attack modifier damage, and increases the Special Attack of the user and all allies within a 15ft radius of the user by 1 stage."
"Mortal Spin, 10 PP; Physical, Poison; 10ft radius. Make a separate attack on each target. Deals 2d10 + Attack modifier damage and clears all binding moves and Leech Seed from the user, and field affects like Stealth Rock and Spikes within 10 feet of the user. On hit, targets are poisoned."
"Poison Fang, 15 PP; Physical, Poison; Melee. Deals 3d10 + Attack modifier damage, and on hit, roll a 2d10. On a 10, on the first die, the target is badly poisoned. On a 10, on the second die, the target flinches."
"Poison Gas, 30 PP; Status, Poison; 25ft radius. Make a separate attack roll using Special Attack on each target. On hit, target is poisoned, and the cloud of gas remains for 1d4+1 turns, and each time an individual who is not poisoned or doesn't have a status affliction ends their turn within the cloud, you can repeat the attack at the end of each of their turns until the target is poisoned."
"Poison Jab, 20 PP; Physical, Poison; Melee. Deals 3d10 + Attack modifier damage, and on hit, roll a d10. On an 8-10, the target is poisoned."
"Poison Powder, 30 PP; Status, Poison; 30ft. Make an attack roll using Special Attack. On hit, the target is poisoned."
"Poison Sting, 35 PP; Physical, Poison; 10ft. Deals 1d10 + Attack modifier damage, and on hit, roll a d10. On an 8-10, the target is poisoned."
"Poison Tail, 20 PP; Physical, Poison; 10ft radius. Make a separate attack on each target. deals 2d10 + Attack modifier damage, and on hit, roll a d10. On a 10, the target is poisoned, and it crits on a 19-20."
"Purify, 1 PP; Status, Poison; Self. Cures the user of a status condition and restores HP equal to half of the user's max HP. Fails if the user doesn't have a status condition."
"Shell Side Arm, 10 PP; Special, Poison; 50ft. Deals 4d10 + Special Attack modifier damage. Targets the foe's Defense stat or Special Defense stat, whichever is lower."
"Sludge, 20 PP; Special, Poison; 30ft. Deals 2d12 + Special Attack modifier damage, and on hit, roll a d10. On an 8-10, the target is poisoned."
"Sludge Bomb, 10 PP; Special, Poison; 30ft. Deals 3d12 + Special Attack modifier damage, and on hit, roll a d10. On an 8-10, the target is poisoned."
"Sludge Wave, 10 PP; Special, Poison; 15ft cone. Make a separate attack on each target. Deals 4d10 + Special Attack modifier damage, and on hit, roll a d10. On a 10, the target is poisoned."
"Smog, 20 PP; Special, Poison; 10ft radius. Make a separate attack on each target. Deals 1d10 + Special Attack modifier damage, and on hit, roll a d10. On a 7-10, the target is poisoned."
"Toxic, 10 PP; Status, Poison; 30ft. Make an attack roll using Special Attack, and on hit, the target is badly poisoned."
"Toxic Spikes, 10 PP; Status, Poison; 30ft radius. Sets up a layer of poisoned spikes in the area. An individual that isn't a Flying type, Poison type, or Steel type takes 1d10 damage at the end of each turn while in the poisoned spikes. This increases to 1d12 damage with two layers of spikes, and whenever a target steps onto the field, the user makes an attack roll using Special Attack. On hit, the target is badly poisoned, and the field of spikes is difficult terrain. The user is unaffected by these poisoned spikes."
"Poison Thread, 20 PP; Status, Poison; 30ft. Make an attack roll using Attack. On hit, the target is poisoned, and its Speed is reduced by 1 stage."
"Venom Drench, 20 PP; Status, Poison; 30ft. Make an attack roll using Special Attack. On hit, reduce the Attack, Special Attack, and Speed of the target by 1 stage. The target must be poisoned."
"Venoshock, 15 PP; Special, Poison; 30ft. Deals 2d12 + Special Attack modifier damage. Deals 4d12 + Special Attack modifier damage if the target is poisoned."
"Aurora Beam, 20 PP; Special, Ice; 15ft line. Make a separate attack on each target. Deals 3d10 + Special Attack modifier damage, and on hit, roll a d10. On a 10, reduces the target's Attack by 1 stage."
"Aurora Veil, 20 PP; Status, Ice; Self. Creates a protective veil that surrounds the user and any allies it chooses. For 5 turns, the user and its allies take half damage from all attacks. Can only be used in snowing weather."
"Avalanche, 10 PP; Physical, Ice; 30ft. Deals 2d12 + Attack modifier damage, or 4d12 + Attack modifier damage if the user moves after the target."
"Blizzard, 5 PP; Special, Ice; 15ft cone. Make a separate attack on each target. Deals 5d10 + Special Attack modifier damage, and on hit, roll a d10. On an 8-10, the target is frostbitten. Automatically hits if the weather is snowy."
"Chilly Reception, 10 PP; Status, Ice; Self. Creates a snowstorm, then switches the user out, or the user can move up to 30 feet."
"Freeze Shock, 5 PP; Physical, Ice; 30ft. The user ends its turn after using this move. On the next turn, it makes the attack that deals 6d10 + Attack modifier damage, and on hit, roll a d10. On an 8-10, the target is paralyzed."
"Freeze-Dry, 20 PP; Special, Ice; 30ft. Deals 3d10 + Special Attack modifier damage, and on hit, roll a d10. On a 10, the target is frostbitten. This is super effective against Water types."
"Freezy Frost, 3 PP; Special, Ice; 15ft. Eevee only. Deals 4d10 + Special Attack modifier damage, and reduces the temporary stages of all individuals on the field to 0."
"Frost Breath, 3 PP; Special, Ice; 30ft. Automatically crits. Deals 3d10 + Special Attack modifier damage."
"G-Max Resonance; Physical or Special, Ice; 50ft. Lapras's Gigantamax move. Deals 6d10 + Attack or Special Attack modifier damage and creates an Aurora Veil for the user and its allies."
"Glacial Lance, 5 PP; Physical, Ice; 30ft line. Make a separate attack on each target. Deals 5d12 + Attack modifier damage."
"Glaciate, 10 PP; Special, Ice; 15ft radius. Make a separate attack on each target. Deals 3d12 + Special Attack modifier damage, and reduces the Speed of targets by 1 stage."
"Haze, 30 PP; Status, Ice; 15ft radius. Removes all stat changes of all targets in the area."
"Ice Ball, 20 PP; Physical, Ice; 10ft. Deals 1d10 + Attack modifier damage, and the user continues to use this move on each of its turns until it misses. Each turn the user succeeds in damaging with this move, it adds an additional die of damage."
"Ice Beam, 10 PP; Special, Ice; 25ft line. Make a separate attack on each target. Deals 4d10 + Special Attack modifier damage, and on hit, roll a d10. On a 10, the target is frostbitten."
"Ice Burn, 5 PP; Special, Ice; 30ft. The user ends its turn after using this move. On the next turn, it makes the attack that deals 6d10 + Attack modifier damage, and on hit, roll a d10. On an 8-10, the target is burned."
"Ice Fang, 15 PP; Physical, Ice; Melee. Deals 3d10 + Attack modifier damage, and on hit, roll a 2d10. On a 10, on the first die, the target is frostbitten. On a 10, on the second die, the target flinches."
"Ice Hammer, 10 PP; Physical, Ice; Melee. Deals 5d12 + Attack modifier damage, and reduces the user's Speed by 1 stage."
"Ice Punch, 15 PP; Physical, Ice; Melee. Deals 3d12 + Attack modifier damage, and on hit, roll a d10. On a 10, the target is frostbitten."
"Ice Shard, 25 PP; Physical, Ice; Melee. Deals 2d10 + Attack modifier damage, and the move has priority."
"Ice Spinner, 15 PP; Physical, Ice; 15ft radius. Make a separate attack on each target. Deals 3d10 + Attack modifier damage, and removes all terrain within range of the user."
"Icicle Crash, 10 PP; Physical, Ice; 30ft. Make a separate attack on each target within a 15ft radius of the target. Deals 3d12 + Attack modifier damage, and on hit, roll a d10. On an 8-10, the target flinches."
"Icicle Spear, 15 PP; Physical, Ice; 15ft. Roll a d4+1, making a number of attacks equal to the roll. Deals 1d6 + Attack modifier damage."
"Icy Wind, 15 PP; Special, Ice; 15ft cone. Make a separate attack on each target. Deals 2d10 + Special Attack modifier damage, and on hit, reduces the target's Speed by 1 stage."
"Max Hailstorm; Physical or Special, Ice; 50ft. Ice type max move. Deals 6d10 + Attack or Special Attack modifier damage, and increases the Special Attack of the user and creates a snowstorm."
"Mist, 30 PP; Status, Ice; Self. Creates a mist around the user, and for 5 turns, its stats cannot be lowered by moves or effects."
"Mountain Gale, 10 PP; Physical, Ice; 25ft cone. Make a separate attack on each target. Deals 5d10 + Attack modifier damage, and on hit, roll a d10. On an 8-10, the target flinches."
"Powder Snow, 20 PP; Special, Ice; 30ft. Deals 1d12 + Special Attack modifier damage, and on hit, roll a d10. On a 10, the target is frostbitten."
"Sheer Cold, 5 PP; Special, Ice; 30ft. Roll a d100. On a roll of 96 or higher, the target instantly faints."
"Snowscape, 20 PP; Status, Ice; Self. Summons a snowstorm for 5 turns."
"Subzero Slammer; Physical or Special, Ice; 30ft. Ice type Z-Move. Deals 8d12 + Attack or Special Attack modifier damage."
"Triple Axel, 10 PP; Physical, Ice; Melee. Deals 1d10 + Attack modifier damage on hit. Make attack rolls until one misses, up to a maximum of 3 total attacks. A second successful strike deals 2d10 + Attack modifier damage, and a third successful strike deals 4d10 + Attack modifier damage."
"All-Out Pummeling ; Physical or Special, Fighting; 30ft. Fighting type Z-Move. Deals 8d12 + Attack or Special Attack modifier damage."
"Arm Thrust, 15 PP; Physical, Fighting; Melee. Roll a d4+1, making a number of attacks equal to the roll. Deals 1d6 + Attack modifier damage."
"Aura Sphere, 5 PP; Special, Fighting; 30ft. Automatically hits. Deals 3d10 + Special Attack modifier damage."
"Axe Kick, 10 PP; Physical, Fighting; 15ft. The user moves adjacent to the target before making the attack roll. Deals 5d12 + Attack modifier damage, and on hit, roll a d10. On an 8-10, the target is confused. If the attack misses, the user takes 2d12 recoil damage."
"Body Press, 10 PP; Physical, Fighting; 20ft. The user moves adjacent to the target before making the attack roll. Deals 3d12 + Defense modifier damage."
"Brick Break, 15 PP; Physical, Fighting; Melee. Deals 3d10 + Attack modifier damage, and removes Light Screen and Reflect from the target and its allies before making the attack."
"Bulk Up, 20 PP; Status, Fighting ; Self. Increases the user's Attack and Defense by 1 stage."
"Circle Throw, 10 PP; Physical, Fighting; Melee. Deals 2d12 + Attack modifier damage, and if the user moves after the target, switches the target out, or throws the target 30 feet in any direction."
"Close Combat, 5 PP; Physical, Fighting; Melee. Deals 5d12 + Attack modifier damage, and reduces the user's Defense and Special Defense by 1 stage."
"Coaching, 10 PP; Status, Fighting; 10ft radius. Increases the Attack and Defense of all allies in range by 1 stage."
"Collision Course, 5 PP; Physical, Fighting; 15ft. The user moves adjacent to the target before making the attack roll. Deals 5d10 + Special Attack modifier damage. If the move is super effective, it gains an additional 2 damage dice."
"Counter, 3 PP; Physical, Fighting; Melee. As a reaction against taking damage from a physical move, deal double the damage dealt to the user back to the target."
"Cross Chop, 5 PP; Physical, Fighting; Melee. Deals 5d10 + Attack modifier damage, and crits on a 19-20."
"Detect, 3 PP; Status, Fighting; Self. Uses a reaction to block an attack or move completely when hit. This only blocks the move that Detect is used on."
"Double Kick, 30 PP; Physical, Fighting; Melee. Make two attacks. Deals 1d12 + Attack modifier damage."
"Drain Punch, 5 PP; Physical, Fighting; Melee. Deals 3d12 + Attack modifier damage. Restores HP to the user equal to half of the damage dealt."
"Dynamic Punch, 3 PP; Physical, Fighting; Melee. Deals 5d10 + Attack modifier damage and confuses the target."
"Final Gambit, 5 PP; Physical, Fighting; Melee. Deals damage equal to the user's remaining HP. The user faints."
"Flying Press, 10 PP; Physical, Fighting; 25ft. The user moves adjacent to the target before making the attack roll. Deals 5d10 + Attack modifier damage. Deals both Fighting and Flying type damage, whichever would be more effective."
"Focus Blast, 5 PP; Special, Fighting; 30ft. Deals 5d12 + Special Attack modifier damage."
"Focus Punch, 10 PP; Physical, Fighting; Melee. The user must act at the very end of the round. If the user takes damage before it can attack, the move fails. Deals 6d12 + Attack modifier damage."
"Force Palm, 10 PP; Physical, Fighting; Melee. Deals 2d12 + Attack modifier damage, and on hit, roll a d10. On an 8-10, the target is paralyzed."
"G-Max Chi Strike; Physical or Special, Fighting; 50ft. Machamp's Gigantamax move. Deals 6d10 + Attack or Special Attack modifier damage and the user's attacks crit on an 18-20."
"Hammer Arm, 10 PP; Physical, Fighting; Melee. Deals 5d12 + Attack modifier damage, and decreases the user's Speed by 1 stage."
"High Jump Kick, 10 PP; Physical, Fighting; 30ft. The user moves adjacent to the target before making the attack roll. Deals 6d12 + Attack modifier damage. If the attack misses, the user takes 3d12 recoil damage."
"Jump Kick, 10 PP; Physical, Fighting; 15ft. The user moves adjacent to the target before making the attack roll. Deals 5d12 + Attack modifier damage. If the attack misses, the user takes 2d12 recoil damage."
"Karate Chop, 25 PP; Physical, Fighting; Melee. Deals 2d10 + Attack modifier damage, and crits on a 19-20."
"Low Kick, 20 PP; Physical, Fighting; Melee. Deals 5d12 + Attack modifier damage if the target is weight Massive, 4d12 + Attack modifier damage if the target is weight Heavy, 3d10 + Attack modifier damage if the target is weight Medium, and 2d8 + Attack modifier damage if the target is at or below weight Light."
"Low Sweep, 20 PP; Physical, Fighting; Melee. 2d12 + Attack modifier damage, and reduces target's Speed by 1 stage."
"Mach Punch, 30 PP; Physical, Fighting; Melee. User can move a number of feet up to the user's walking speed before making the attack roll. Deals 2d10 + Attack modifier damage, and the attack has priority."
"Mat Block, 3 PP; Status, Fighting; Self. Uses a reaction to block an attack or move completely when hit. Protects the user and their allies from all moves and attacks until the end of the round."
"Max Knuckle; Physical or Special, Fighting; 50ft. Fighting type max move. Deals 6d10 + Attack or Special Attack modifier damage, and increases the Attack of the user and all allies within a 15ft radius of the user by 1 stage."
"Meteor Assault, 5 PP; Physical, Fighting; 15ft. The user moves adjacent to the target before making the attack roll. Deals 6d12 + Attack modifier damage, and the user must recharge on the next turn."
"No Retreat, 5 PP; Status, Fighting; Self. Prevents the user from switching out or moving away from a target opposing Pokémon within 50ft of the user. Increases the user's Attack, Defense, Special Attack, Special Defense and Speed by 1 stage."
"Octolock, 15 PP; Status, Fighting; Melee. Prevents the user and target from moving or switching out for 1d4+1 turns. At the end of each of the target's turns, it reduces its Defense and Special Defense by 1 stage."
"Power-Up Punch, 20 PP; Physical, Fighting; Melee. Deals 2d10 + Attack modifier damage and increases the user's Attack by 1 stage."
"Quick Guard, 3 PP; Status, Fighting; Self. Uses a reaction to block a priority attack or move completely when hit. This only blocks the move that Quick Guard is used on."
"Revenge, 10 PP; Physical, Fighting; Melee. Deals 2d10 + Attack modifier damage, and if the target has damaged the user in the round, it deals 4d10 + Attack modifier damage instead."
"Reversal, 5 PP; Physical, Fighting; Melee. Deals 5d12 + Attack modifier damage if user is below half HP, 3d10 + Attack modifier damage if user is at half HP or above, or 1d12 + Attack modifier damage if the user is at full HP."
"Rock Smash, 15 PP; Physical, Fighting; Melee. Deals 1d12 + Attack modifier damage, and on hit, roll a d20. On evens, reduce the target's Defense by 1 stage."
"Rolling Kick, 15 PP; Physical, Fighting; Melee. Deals 2d12 + Attack modifier damage, and on hit, roll a d10. On an 8-10, the target flinches."
"Sacred Sword, 15 PP; Physical, Fighting; Melee. Deals 4d10 + Attack modifier damage, and it ignores changes to the target's Defense."
"Secret Sword, 10 PP; Special, Fighting; 15ft. Deals 3d12 + Special Attack modifier damage, and it attacks the target's Defense instead of Special Defense."
"Seismic Toss, 20 PP; Physical, Fighting; Melee. Deals damage equal to the user's level, and the target is tossed 30 feet in any direction."
"Sky Uppercut, 15 PP; Physical, Fighting; 15ft. The user moves adjacent to the target before making the attack roll. Deals 3d10 + Attack modifier damage, and can hit targets during Fly, Bounce, and Sky Drop."
"Storm Throw, 10 PP; Physical, Fighting; Melee. Automatically crits. Deals 2d12 + Attack modifier damage, and the target is tossed 30 feet in any direction."
"Submission, 20 PP; Physical, Fighting; Melee. Deals 3d12 + Attack modifier damage, and user takes recoil equal to 25% of the damage dealt."
"Superpower, 5 PP; Physical, Fighting; Melee. Deals 5d12 + Attack modifier damage, and decreases the user's Attack and Defense by 1 stage."
"Thunderous Kick, 10 PP; Physical, Fighting; 15ft. The user moves adjacent to the target before making the attack roll. Deals 4d12 + Attack modifier damage and decreases the target's Defense by 1 stage."
"Triple Arrows, 10 PP; Physical, Fighting; Melee. Deals 4d12 + Attack modifier damage, and on hit, roll a d20. On evens, reduce the target's Defense by 1 stage, and the move crits on a 19-20."
"Triple Kick, 10 PP; Physical, Fighting; Melee. Deals 1d8 + Attack modifier damage on hit. Make attack rolls until one misses, up to a maximum of 3 total attacks. A second successful strike deals 2d8 + Attack modifier damage, and a third successful strike deals 4d8 + Attack modifier damage."
"Upper Hand, 10 PP; Physical, Fighting; Melee. Uses a reaction against a target using a priority move to make an attack against them using this move. The user moves adjacent to the target before making the attack roll. Deals 3d12 + Special Attack modifier damage."
"Vacuum Wave, 30 PP; Special, Fighting; 30ft line. Make a separate attack on each target. Deals 2d10 + Special Attack modifier damage, and the attack has priority."
"Victory Dance, 10 PP; Status, Fighting; Self. Increases the user's Attack, Defense, and Speed by 1 stage."
"Vital Throw, 10 PP; Physical, Fighting; Melee. Deals 3d12 + Attack modifier damage, and throws the target 30ft in any direction. If the user moves after the target, it automatically hits."
"Wake-Up Slap, 10 PP; Physical, Fighting; Melee. Deals 3d10 + Attack modifier damage. If the target is asleep, it is woken up and the attack deals 6d10 + Attack modifier damage instead."
"Acrobatics, 15 PP; Physical, Flying; Melee. Deals 3d10 + Attack modifier damage, or 6d10 + Attack modifier damage if the user has no held items."
"Aerial Ace, 20 PP; Physical, Flying; Melee. Automatically hits. Deals 2d10 + Attack modifier damage."
"Aeroblast, 5 PP; Special, Flying; 25ft cone. Make a separate attack on each target. Deals 5d10 + Special Attack modifier damage."
"Air Cutter, 25 PP; Special, Flying; 30ft. Deals 3d10 + Special Attack modifier damage, and it crits on a 19-20."
"Air Slash, 15 PP; Special, Flying; 30ft. Deals 3d12 + Special Attack modifier damage, and on hit, roll a d10. On an 8-10, the target flinches."
"Beak Blast, 15 PP; Physical, Flying; 15ft cone. The user must decide to use this move at the start of the round, then acting at the very end of the round. Make a separate attack on each target. Deals 5d10 + Attack modifier damage, and those who make contact with the user before it executes the move are burned."
"Bleakwind Storm, 10 PP; Special, Flying; 30ft. Deals 5d12 + Special Attack modifier damage on hit, and on hit, roll a d10. On an 8-10, the target is frostbitten."
"Bounce, 5 PP; Physical, Flying; Melee. On first using this move, the user bounces upward and becomes semi-invulnerable to damage. On the next turn, the user can move up to double its movement speeds and make the attack against a target it moves to. Deals 4d10 + Attack modifier damage."
"Brave Bird, 15 PP; Physical, Flying; 30ft. The user moves adjacent to the target before making the attack roll. Deals 5d12 + Attack modifier damage, and user takes recoil equal to 1/3 of the damage dealt."
"Chatter, 20 PP; Special, Flying; 10ft radius. Make a separate attack on each target. Deals 3d10 + Special Attack modifier damage and confuses the target."
"Defog, 15 PP; Status, Flying; 30ft. Make an attack roll using Special Attack. On hit, the next attack made against the target has advantage, and it clears the area of all hazards such as Stealth Rock, Spikes, and Reflect."
"Dragon Ascent, 5 PP; Physical, Flying; 50ft. Make a separate attack on each target within a 25ft radius of the target. Deals 5d12 + Attack modifier damage, and lowers the user's Defense and Special Defense by 1 stage."
"Drill Peck, 20 PP; Physical, Flying; 20ft line. Make a separate attack on each target and move to the end of the line. Deals 4d10 + Attack modifier damage."
"Dual Wingbeat, 10 PP; Physical, Flying; 15ft. Make two attack rolls. Deals 2d10 + Attack modifier damage."
"Feather Dance, 15 PP; Status, Flying; 30ft. Make an attack roll using Special Attack. Reduces the target's Attack by 2 stages."
"Floaty Fall, 3 PP; Physical, Flying; 15ft. Pikachu only. Deals 4d10 + Special Attack modifier damage, and on hit, roll a d10. On an 8-10, target flinches."
"Fly, 10 PP; Physical, Flying; Melee. On first using this move, the user flies upward and becomes semi-invulnerable to damage. On the next turn, the user can move up to double its movement speeds and make the attack against a target it moves to. Deals 4d10 + Attack modifier damage."
"G-Max Wind Rage; Physical or Special, Flying; 50ft. Corviknight's Gigantamax move. Deals 6d10 + Attack or Special Attack modifier damage and removes all hazards and screens on the field."
"Gust, 30 PP; Special, Flying; 30ft. Deals 1d12 + Special Attack modifier damage."
"Hurricane, 10 PP; Special, Flying; 30ft. Make a separate attack on each target within a 15ft radius of the target. Deals 5d10 + Special Attack modifier damage, and on hit, roll a d10. On an 8-10, the target is confused. Can hit targets during Fly, Bounce and Sky Drop."
"Max Airstream; Physical or Special, Flying; 50ft. Flying type max move. Deals 6d10 + Attack or Special Attack modifier damage, and increases the Speed of the user and all allies within a 15ft radius of the user by 1 stage."
"Mirror Move, 20 PP; Status, Flying; 30ft. The user can use the move that the target last used."
"Oblivion Wing, 3 PP; Special, Flying; 30ft line. Make a separate attack on each target. Deals 3d12 + Special Attack modifier damage, and restores HP equal to 75% of the damage dealt."
"Peck, 30 PP; Physical, Flying; Melee. Deals 1d12 + Attack modifier damage."
"Pluck, 20 PP; Physical, Flying; Melee. Deals 2d12 + Attack modifier damage, and if the target is holding a berry, the user eats it."
"Roost, 1 PP; Status, Flying; Self. Restores HP equal to half of the user's max HP. The user loses its Flying typing for 2 turns."
"Sky Attack, 5 PP; Physical, Flying; 20ft. The user ends its turn after using this move. On the next turn, the user attacks, and moves adjacent to the target before making the attack roll. Deals 6d10 + Attack modifier damage, and on hit, roll a d10. On an 8-10, the target flinches."
"Sky Drop, 10 PP; Physical, Flying; Melee. The user grabs the target - which can be an ally - and lifts it into the sky, becoming semi-invulnerable. On the next turn, drops the target, doing no damage if the target was a Flying type or an ally. Deals 3d10 + Attack modifier damage."
"Supersonic Skystrike; Physical or Special, Flying; 30ft. Flying type Z-Move. Deals 8d12 + Attack or Special Attack modifier damage."
"Tailwind, 5 PP; Status, Flying; Self. Creates a tailwind around the user and its allies. For 4 turns, the user and its allies have their Speed and movement speeds doubled."
"Wing Attack, 30 PP; Physical, Flying; Melee. Deals 2d12 + Attack modifier damage."
"Agility, 30 PP; Status, Psychic; Self. Increases the user's Speed by 2 stages and movement speeds by 5 feet."
"Ally Switch, 15 PP; Status, Psychic; 30ft. The user swaps places with the target, but the target must be an ally. If the ally is unwilling, the user must select a different move or a different ally to swap with."
"Amnesia, 20 PP; Status, Psychic; Self. Increases the user's Special Defense by 2 stages."
"Barrier, 20 PP; Status, Psychic; Self. Increases the user's Defense by 2 stages."
"Calm Mind, 20 PP; Status, Psychic; Self. Increases the user's Special Attack and Special Defense by 1 stage."
"Confusion, 20 PP; Special, Psychic; 30ft. Deals 2d10 + Special Attack modifier damage, and on hit, roll a d10. On a 10, the target is confused."
"Cosmic Power, 20 PP; Status, Psychic; Self. Increases the user's Defense and Special Defense by 1 stage."
"Dream Eater, 3 PP; Special, Psychic; 30ft. Only works if the target is asleep. Automatically hits a sleeping target and deals 5d10 + Special Attack modifier damage and restores HP equal to half of the damage dealt."
"Eerie Spell, 3 PP; Special, Psychic; 15ft cone. Make a separate attack on each target. Deals 3d12 + Special Attack modifier damage, and decreases the PP of the target's last used move by 3 PP."
"Esper Wing, 10 PP; Special, Psychic; 15ft line. Make a separate attack on each target in two different 15ft lines, which the user aims in any direction. Deals 3d10 + Special Attack modifier damage. Crits on a 19-20, and increases the user's Speed by 1 stage."
"Expanding Force, 10 PP; Special, Psychic; 25ft. Deals 3d10 + Special Attack modifier damage. In Psychic Terrain, range is a 25ft cone and deals 5d10 + Special Attack modifier damage instead."
"Extrasensory, 20 PP; Special, Psychic; 30ft. Deals 3d12 + Special Attack modifier damage, and on hit, roll a d10. On a 10, the target flinches."
"Freezing Glare, 10 PP; Special, Psychic; 30ft. Deals 4d10 + Special Attack, and on hit, roll a d10. On a 10, the target is frostbitten."
"Future Sight, 10 PP; Special, Psychic; 30ft. Two rounds after using this move, the target automatically takes 5d12 + Special Attack modifier damage."
"G-Max Gravitas; Physical or Special, Psychic; 50ft. Orbeetle's Gigantamax move. Deals 6d10 + Attack or Special Attack modifier damage and intensifies the gravity of the field."
"Genesis Supernova; Special, Psychic; 30ft radius. Mew's Z-Move, using Psychic. Make a separate attack on each target. Deals 8d12 + Special Attack modifier damage. Creates psychic terrain centered on the user."
"Glitzy Glow, 3 PP; Special, Psychic; 15ft. Eevee only. Deals 4d10 + Special Attack modifier damage, and creates a light screen around the user."
"Gravity, 5 PP; Status, Psychic; 50ft radius. Creates a field of intense gravity. Grounds all individuals, preventing them from flying or hovering, and the moves Bounce, Fly, Flying Press, High Jump Kick, Jump Kick, Magnet Rise, Sky Drop, Splash and Telekinesis automatically fail."
"Guard Split, 10 PP; Status, Psychic; 30ft. Averages the user and target's Defense and Special Defense, then sets the user and target's Defense and Special Defense to the average."
"Guard Swap, 10 PP; Status, Psychic; 30ft. Swaps the target's Defense and Special Defense with the user's Defense and Special Defense."
"Heal Block, 15 PP; Status, Psychic; 30ft. Make an attack roll using Special Attack. On hit, the target is prevented from being healed for 5 turns."
"Heal Pulse, 1 PP; Status, Psychic; 5ft radius. Restores HP of all targets in range equal to half of the target's max HP, including the user."
"Healing Wish, 1 PP; Status, Psychic; Self. The user faints. The next Pokémon to become active or another active Pokémon heals to full HP and is cured of all status conditions."
"Heart Stamp, 20 PP; Physical, Psychic; Melee. Deals 2d12 + Attack modifier damage, and on hit, roll a d10. On an 8-10, the target flinches."
"Heart Swap, 10 PP; Status, Psychic; 30ft. Selects two targets, which cannot include the user. The targets swap souls, and the targets use the stats, moves, stat stages, species, and all other statistics of the target it was Heart Swapped with. If a target is an owned Pokémon or other trainer, a player temporarily gains access to the swapped Pokémon or trainer's sheet for use. The effects of Heart Swap end after a battle, and it can affect both Pokémon and trainers. If Heart Swap is used outside of combat, it lasts indefinitely or until the user chooses to use this move again to swap the targets back."
"Hyperspace Hole, 5 PP; Special, Psychic; 30ft. Automatically hits. Deals 3d12 + Special Attack modifier damage, and it ignores protection moves."
"Hypnosis, 20 PP; Status, Psychic; 30ft. Make an attack roll using Special Attack. On hit, the target falls asleep."
"Imprison, 10 PP; Status, Psychic; Self. Prevents all individuals in battle from using moves the user knows as long as the user is active in battle."
"Instruct, 5 PP; Status, Psychic; 30ft. Instructs a target to use the move it last used again."
"Kinesis, 10 PP; Status, Psychic; 30ft. Make an attack roll using Special Attack. On hit, the target's next attack has disadvantage."
"Light Screen, 30 PP; Status, Psychic; Self. Creates a light screen around the user and all allies it chooses. For 5 turns, halves the damage of all Special attacks against the targets."
"Light That Burns The Sky; Special, Psychic; 30ft radius. Ultra Necrozma's Z-Move, using Photon Geyser. Make a separate attack on each target. Deals 8d20 + Special Attack modifier damage. Attacks using Attack or Special Attack, whichever would be more effective against the target, and it ignores all abilities."
"Lumina Crash, 10 PP; Special, Psychic; 30ft. Deals 4d10 + Special Attack modifier damage, and decreases the target's Special Defense by 2 stages."
"Lunar Blessing, 1 PP; Status, Psychic; 5ft radius. Heals the user and allies in range for 25% of their max HP and removes all status conditions."
"Lunar Dance, 1 PP; Status, Psychic; Self. The user faints. The next Pokémon to become active or another active Pokémon heals to full HP and PP and is cured of all status conditions."
"Luster Purge, 5 PP; Special, Psychic; 15ft cone. Make a separate attack on each target. Deals 3d12 + Special Attack modifier, and on hit, roll a d20. On evens, reduce the target's Special Defense by 1 stage."
"Magic Coat, 10 PP; Status, Psychic; Self. The user reflects all status moves used on them back at the user of the move for the rest of the round."
"Magic Powder, 20 PP; Status, Psychic; 30ft. Make an attack roll using Special Attack. On hit, the target becomes a pure Psychic type."
"Magic Room, 10 PP; Status, Psychic; Self. Creates a magical room that affects the entire battlefield for 5 turns. All held items become unable to be activated or used for the duration."
"Max Mindstorm; Physical or Special, Psychic; 50ft. Psychic type max move. Deals 6d10 + Attack or Special Attack modifier damage, and summons psychic terrain centered on the target."
"Meditate, 30 PP; Status, Psychic; Self. Increases the user's Attack by 1 stage."
"Miracle Eye, 30 PP; Status, Psychic; 30ft. Make an attack roll using Special Attack, and on hit, the target cannot impose disadvantage on the attack rolls of others, and if it is a Dark type, it becomes able to be hit by Psychic type moves."
"Mirror Coat, 3 PP; Special, Psychic; 30ft. As a reaction against taking damage from a Special move, deal double the damage dealt to the user back to the target."
"Mist Ball, 5 PP; Special, Psychic; 30ft. Deals 3d10 + Special Attack modifier damage, and on hit, roll a d20. On evens, reduces the target's Special Attack by 1 stage."
"Mystical Power, 10 PP; Special, Psychic; 30ft. Deals 3d12 + Special Attack modifier damage, and increases the user's Special Attack by 1 stage."
"Photon Geyser, 5 PP; Special, Psychic; 50ft. Make a separate attack on each target within a 25ft radius of the target. Deals 5d12 + Special Attack modifier damage. Becomes physical and uses Attack if the user's Attack is higher than its Special Attack, and this attack ignores abilities."
"Power Split, 10 PP; Status, Psychic; 30ft. Averages the user and target's Attack and Special Attack, then sets the user and target's Attack and Special Attack to the average."
"Power Swap, 10 PP; Status, Psychic; 30ft. Swaps the target's Attack and Special Attack with the user's Attack and Special Attack."
"Power Trick, 10 PP; Status, Psychic; Self. Swaps the user's Attack with its Defense."
"Prismatic Laser, 5 PP; Special, Psychic; 15ft radius. Make a separate attack on each target. Deals 6d12 + Special Attack modifier damage, and the user skips its next turn to recharge."
"Psybeam, 20 PP; Special, Psychic; 15ft line. Make a separate attack on each target. Deals 2d12 + Special Attack modifier damage, and on hit, roll a d10. On a 10, the target is confused."
"Psyblade, 15 PP; Physical, Psychic; 20ft line. Deals 4d10 + Special Attack modifier damage, or 7d10 + Special Attack modifier in electric terrain."
"Psychic, 10 PP; Special, Psychic; 30ft. Deals 4d12 + Special Attack modifier damage, and on hit, roll a d10. On a 10, reduce the target's Special Defense by 1 stage."
"Psychic Fangs, 10 PP; Physical, Psychic; Melee. Deals 4d10 + Attack modifier damage, and removes Reflect, Light Screen and Aurora Veil on hit."
"Psychic Noise, 10 PP; Special, Psychic; 15ft cone. Make a separate attack on each target, and on hit, deals 3d12 + Sp. Attack modifier damage, and the target is prevented from healing for the next 2 turns."
"Psychic Terrain, 10 PP; Status, Psychic ; 30ft. User creates Psychic Terrain centered on the target point in range."
"Psycho Boost, 5 PP; Special, Psychic; 30ft. Deals 5d12 + Special Attack modifier damage, and reduces the user's Special Attack by 2 stages."
"Psycho Cut, 20 PP; Physical, Psychic; Melee. Deals 3d12 + Attack modifier damage, and it crits on a 19-20."
"Psyshield Bash, 10 PP; Physical, Psychic; Melee. Deals 3d10 + Attack modifier damage, and increases the user's Defense by 1 stage."
"Psycho Shift, 10 PP; Status, Psychic; 30ft. Inflicts the target with a status condition the user has, then cures the user of all status conditions."
"Psyshock, 10 PP; Special, Psychic; 30ft. Deals 3d12 + Special Attack modifier damage, and attacks against the target's Defense instead of Special Defense."
"Psystrike, 10 PP; Special, Psychic; 15ft. Deals 4d10 + Special Attack modifier damage, and attacks against the target's Defense instead of Special Defense."
"Psywave, 10 PP; Special, Psychic; 15ft cone. Make a separate attack on each target. Deals Xd4 damage, where X is the result of a d20. Cannot hit super effectively or be resisted."
"Reflect, 30 PP; Status, Psychic; Self. Creates a reflecting screen around the user and all allies it chooses. For 5 turns, halves the damage of all Physical attacks against the targets."
"Rest, 1 PP; Status, Psychic; Melee. Restores the user to full HP and causes it to fall asleep, guaranteeing at least 1 turn of sleep."
"Role Play, 10 PP; Status, Psychic; 30ft. Replaces the user's ability with one of the target's abilities."
"Shattered Psyche; Physical or Special, Psychic; 30ft. Psychic type Z-Move. Deals 8d12 + Attack or Special Attack modifier damage."
"Skill Swap, 10 PP; Status, Psychic; 30ft. Swaps the user and target's abilities with one another. If the user or the target has more than one ability, the user chooses which abilities are swapped."
"Speed Swap, 10 PP; Status, Psychic; 30ft. Swaps the Speed of the user and target."
"Stored Power, 10 PP; Special, Psychic; 30ft. Deals 1d6 + Special Attack modifier damage. Adds an additional damage die for each increased stat stage the user has."
"Synchronoise, 10 PP; Special, Psychic; 15ft radius. Make a separate attack on each target. Deals 5d10 + Special Attack modifier damage, but only if the target shares a typing with the user. This move ignores resistances."
"Take Heart, 3 PP; Status, Psychic; Self. Cures the user of status conditions and increases its Special Attack and Special Defense by 1 stage."
"Telekinesis, 5 PP; Status, Psychic; 30ft. Make an attack roll using Special Attack. On hit, all attacks made against the target had advantage until the start of its next turn, and for the duration, it becomes immune to Ground type moves, isn't grounded, and cannot move."
"Teleport, 10 PP; Status, Psychic; Self. The user teleports up to 60 feet in any direction."
"Trick, 10 PP; Status, Psychic; 30ft. Swaps the held items of the user and target."
"Trick Room, 10 PP; Status, Psychic; Self. The user must decide to use this move at the start of the round, then acting at the very end of the round. Creates a mysterious room which encompasses the entire battlefield, and for 5 turns, the round order goes from slowest to fastest instead of fastest to slowest."
"Twin Beam, 10 PP; Special, Psychic; 15ft line. Make two separate attacks on each target. Deals 2d10 + Special Attack modifier damage."
"Wonder Room, 10 PP; Status, Psychic; Self. Creates a magical room that affects the entire battlefield for 5 turns. Swaps the Defense and Special Defense of all active individuals."
"Zen Headbutt, 15 PP; Physical, Psychic; Melee. Deals 3d12 + Attack modifier damage, and on hit, roll a d10. On a 9-10, the target flinches."
"Fair Share, 5 PP; Status, Normal; 30ft. Choose two different targets within range, giving each target the other's temporary stat changes. If a positive or negative stat change on one target would negate a positive or negative stat change on the other target, the stat changes simply become neutral."
"Spring Kick, 5 PP; Physical, Fighting ; Melee. Deals 1d12 + Attack modifier damage, and on hit, the user moves up to its highest movement speed in any direction without provoking opportunity attacks."
"Winged Flourish, 5 PP; Physical, Flying; Melee. The user makes a separate attack on each target in a 15ft horizontal line in front of it and 5ft on either side of it, dealing 1d10 + Attack modifier damage. For each target hit, this attack gains an additional +1 bonus to damage."
"Alchemize, 5 PP; Status, Poison; Self. Increases the user's Defense and Sp. Defense by 1 stage, and its next damage dealing Poison type move deals an additional die of damage."
"Sandblast, 5 PP; Special, Ground; 15ft cone. Make a separate attack on each target. Deals 1d10 + Sp. Attack modifier damage, and on hit, targets are pushed back 15ft away from the user."
"Stalagmite, 5 PP; Status, Rock; 25ft. Choose three different spaces within range, creating stalagmites in the chosen spaces that become impassable unless burrowing movement is used, or if the target can climb or fly 15ft over the stalagmite. If a trainer or Pokémon is in a space where a stalagmite is summoned, its movement on its next turn is halved."
"Silk Suplex, 5 PP; Physical, Bug; 15ft. Deals 1d12 + Attack modifier damage, and on hit, the target is moved adjacent to the user, and on hit, the user rolls a d10. On a 10, the target hit by this move cannot take an action on its next turn."
"Haunting, 5 PP; Status, Ghost; Self. On use, the user becomes invisible and unable to be seen. While invisible, the user gains an additional 15ft of phasing movement, and if it does not have a phasing movement, it gains 30ft of phasing movement. If the user attacks a target, the attack has advantage and it immediately becomes visible once more."
"Metal Mirror, 5 PP; Status, Steel; 25ft. Creates a mirror on the chosen space, and when the user uses a move, it can choose to have the move originate from the mirror's position. If two mirrors are active, if a ranged move is used to originate from one mirror, it forms a straight line to the other mirror to hit all targets in its path. If a mirror is summoned while two mirrors are already active, one of the previous mirrors is destroyed. A mirror can be destroyed with a damaging move, and a mirror has an AC of 10 and an HP of 1."
"Firebreathing, 5 PP; Status, Fire; Self. On use, all of the user's moves with a range of melee become a range of a 10ft cone instead. On hit with a damaging move affected by this move, the user can choose to change the damage type to Fire."
"Bubble Buster, 5 PP; Physical, Water; Melee. Deals 1d12 + Attack modifier damage, and on hit, the target is pushed 10ft away from the user and becomes trapped in a bubble, becoming unable to move until the end of its next turn."
"Flower Bounce, 5 PP; Status, Grass; 25ft. Creates a large, bouncy flower that allies can move onto in order to move an additional 20ft in any direction. A target can only use a flower to move once per turn, and only one flower can be active at a time. If a flower is summoned while one is already active, the previous flower is destroyed."
"Lightningrod Skewer, 5 PP; Physical, Electric; Melee. Deals 1d12 + Attack modifier damage, and on hit, the target has a lightning rod planted on them. As an action, while a target has a lightning rod planted on them, the user can choose to destroy the lightning rod and instantly paralyze the target."
"Cognition Shift, 5 PP; Status, Psychic; 15ft. Make an attack roll based on Sp. Attack against the target. On hit, all of the target's Physical moves become Special moves, and all of the target's Special moves become Physical moves. If a status move they use would useSpecial Attack, it uses Attack instead, and if it would use Attack, it uses Special Attack instead. Alternatively, the user can automatically hit and use this move on itself."
"Cold Snap, 5 PP; Physical, Ice; Melee. Deals 1d12 + Attack modifier damage, and on hit, roll a d10. On a 9-10, the target is frostbitten, and if the target is already frostbitten, this attack deals 2d12 + Attack modifier damage instead."
"Advancing Claw, 5 PP; Physical, Dragon; 15ft line. Make a separate attack on each target, moving to the end of the line. Deals 1d10 + Attack modifier damage, and if the user hits two or more targets with this move, it can use the move a second time."
"Shade Shot, 5 PP; Special, Dark; 30ft. Deals 1d10 + Attack modifier damage, and on hit, the target halves its Defense and Sp. Defense modifiers until the start of its next turn."
"Feyspark, 5 PP; Special, Fairy; 20ft. Deals 1d10 + Attack modifier damage, and on hit, the target is confused."
"Screechy Outburst, 10 PP; Special, Normal; 15ft radius. Make a separate attack on each target. On hit, the target takes 2d12 + Sp. Attack modifier damage, and until the end of its next turn, it takes double damage from all sound based moves."
"Ki Burst, 10 PP; Special, Fighting ; 10ft radius. Automatically hits all targets. Deals 2d10 + Sp. Attack modifier damage and knocks all hit targets 15ft away from the user, and the next ‘aura' or ‘pulse' move the user uses ignores immunities and resistances."
"Howling Gale, 10 PP; Status, Flying; 100ft. The user chooses a 25ft long and 10ft wide area in range, summoning a howling gale in the area. While the gale is active, all allies who move through it can move anywhere in the gale without expending any movement, and all enemies who move through it have their movement speeds halved. A gale created by this move lasts 3 turns before dissipating, and only one gale can be active at one time. If a second gale is created, the first one dissipates."
"Toxic Transference, 10 PP; Physical, Poison; 25ft. The user must target an ally or enemy Pokémon that is Poisoned or Badly Poisoned. On use, the user removes the poison from the target, and then makes an attack on a target in range. On hit, the target takes 2d10 + Attack modifier damage and becomes Poisoned or Badly Poisoned, whichever was removed from the original target."
"Excavate, 10 PP; Status, Ground; 15ft cube. Creates a 15ft cube of difficult terrain centered on the user, and all targets who are burrowing in range are forced to the surface and take 4d10 typeless damage. The difficult terrain cannot be passed by burrowing movement, and all Ground type moves used by the user while in the terrain double the STAB modifier for attack and damage rolls."
"Crystal Cannon, 10 PP; Special, Rock; Self. On use, summons a crystal adjacent to the user: at the end of each of the user's turns, the crystal fires at a target within 30ft of it, automatically hitting and dealing 1d10 + Sp. Attack modifier Rock damage. Only one crystal can be summoned by the user, and if another is summoned, the previous crystal is destroyed. A crystal stays on the field for 3 turns after being summoned."
"Pheromone Spray, 10 PP; Special, Bug; 15ft cone. Make a separate attack on each target. Deals 2d12 + Sp. Attack modifier damage, and on hit, the target has its Defense reduced by 2 stages, and it takes super effective damage from the next Bug type move it's hit by."
"Possession, 10 PP; Status, Ghost; 15ft. Make an attack roll based on Sp. Attack against the target. On hit, the user moves into the target's space and possesses it, controlling what the target does on its next turn, including where it moves, what action it takes, and if it attacks an ally or an enemy with a move or weapon. At the end of that turn, the user moves 10ft away from the target without provoking opportunity attacks. This move cannot be used on a target more than once per battle."
"Magnetize, 10 PP; Special, Steel; 30ft. Make attacks on each target within a 15ft radius, centered around the target. On hit, a target is dragged to the center of the radius, and targets take 1d10 + Sp. Attack modifier damage. For each target hit by the attack, the damage of the move gains an additional die."
"Solar Fist, 10 PP; Physical, Fire; Melee. Deals 2d12 + Attack modifier damage, and on hit, roll a d10. On a 9-10, the target is burned. If this move is used when harsh sunlight is active, the target is also pushed back 15ft on hit and is automatically burnt."
"Gaia Geyser, 10 PP; Special, Water; 30ft. Deals 4d12 + Sp. Attack modifier damage, and on hit, the target is pushed 25ft away from the user and forces the user to skip its next turn to recharge."
"Allergen Bomb, 10 PP; Special, Grass; 25ft. Make attacks on each target within a 10ft radius, centered around the target. Deals 2d10 + Sp. Attack modifier damage, and on hit, roll a d10. On a 9-10, the target is confused, and if the target is already confused, it is guaranteed to be fully confused on its next turn."
"Static Eruption, 10 PP; Special, Electric; 15ft. Deals 2d10 + Sp. Attack modifier damage. If the target was last hit by a damaging Electric type move, this move deals 4d10 + Sp. Attack modifier damage instead."
"Psyche Slam, 10 PP; Physical, Psychic; 20ft. On hit, make a second attack roll against a different target within 15ft of the first with advantage. On a miss, the first target takes 2d10 + Attack modifier damage. On a hit, both targets take 2d12 + Attack modifier damage."
"Permafrost, 10 PP; Special, Ice; 15ft cone. Make a separate attack on each target. Deals 2d10 + Sp. Attack modifier damage. If the weather is snowy, this move has a range of a 30ft cone and deals 4d10 + Sp. Attack modifier damage instead."
"Draken Wings, 10 PP; Status, Dragon; Self. For the next 3 turns, the user gains a flying speed of 30ft, doubles its STAB bonus for Dragon type moves, and if it doesn't have STAB with Dragon type moves, it gains STAB. Additionally, the user gains all the resistances of a pure Dragon type Pokémon on top of resistances they currently have."
"Grim Hold, 10 PP; Physical, Dark; 15ft cone. Make a separate attack on each target. If you hit two or more targets, choose one of the targets to move adjacent to you, dealing 3d12 + Attack modifier damage to that target. All other targets take 1d12 + Attack modifier damage and are pushed 10ft away from you."
"Spirit Sword, 10 PP; Physical, Fairy; Melee. Deals 2d12 + Attack modifier damage, and on hit, the user can dash up to 15ft in any direction without provoking opportunity attacks. If the user moves adjacent to another target with this movement, it can roll to hit against them with this move again without expending additional PP. The user can only move like this once per turn."
"Balanced Attack, 15 PP; Physical, Normal; Melee. This attack uses the higher of the user's Attack and Sp. Attack stats, and targets the lower of the target's Defense and Sp. Defense stats. Deals 4d12 + Attack/Sp. Attack modifier damage."
"5-Star Strike, 15 PP; Physical, Fighting ; 25ft radius. Choose five different spaces within range, connecting each space from one to another in a straight line. The user then makes a separate attack on each target in all of the lines, dealing 3d12 + Attack modifier damage on hit."
"Perfect Storm, 15 PP; Special, Flying; 30ft. Make attacks on each target within a 10ft radius, centered around the target. Deals 3d12 + Sp. Attack modifier damage. If harsh sunlight, rain, a sandstorm, or snow is active, this attack deals an additional 2d12 + Sp. Attack modifier Fire, Water, Rock, or Ice damage respectively."
"Venom Absorption, 15 PP; Special, Poison; 15ft cone. Make a separate attack on each target. Deals 4d10 + Sp. Attack modifier damage, and on hit, the user heals a number of HP equal to 1/4 of the poison damage taken by ALL trainers and Pokémon in combat, removing the Poisoned or Badly Poisoned conditions from them."
"Shifting Sands, 15 PP; Special, Ground; 25ft radius. Make a separate attack on each target. Deals 3d12 + Sp. Attack modifier damage, and on hit, roll a d10. On a 9-10, the target is forced to skip its next turn."
"Stone Prison, 15 PP; Physical, Rock; 20ft. The user moves adjacent to the target before making the attack roll. On hit, deals 3d12 + Attack modifier damage, and the user surrounds itself with a spherical barrier of stone that stretches 20ft in all directions, including up and down. While the barrier is active, the user and target cannot leave it unless the user or target faints, and any other targets that would be inside the barrier when it is created are shoved out of the area and become unable to enter it. Only one of these barriers can be active at any one time, and this move cannot be used while a barrier is active."
"String-Up, 15 PP; Status, Bug; 20ft. Make an attack roll using Attack on the target, and on hit, the target is encapsulated in sticky silk. It skips all of its turns, and at the end of its turn, it can roll a DC 20 Power/Attack check to free itself from the silk. For every turn that passes, the DC decreases by 2."
"Phasing Slash, 15 PP; Physical, Ghost; Melee. This move halves the Defense modifier of the target before rolling to hit and deal damage. Deals 3d12 + Attack modifier damage."
"Metalicize, 15 PP; Status, Steel; Self. Grants the user a +1 bonus to its Physical and Special AC. This move can only be used every other turn."
"Phoenix Flame, 15 PP; Special, Fire; 30ft. Deals 3d12 + Sp. Attack modifier damage. If an ally has fainted or died during the round, this attack deals 6d12 + Sp. Attack modifier damage instead, and on hit, roll a d10. On an 8-10, the target is burnt."
"Downpour, 15 PP; Special, Water; Melee. Deals 3d12 + Sp. Attack modifier damage. If the weather is rainy, the attack gains an additional 2d12 damage and is able to push the target up to 15ft in any direction."
"Barbed Vine, 15 PP; Physical, Grass; 15ft. Deals 4d10 + Attack modifier Grass or Poison damage, whichever would be more effective."
"Smite, 15 PP; Special, Electric; 100ft. Deals 8d12 + Sp. Attack modifier damage, and on hit, the target becomes paralyzed and cannot move until the end of its next turn. Until the start of the user's next turn, it takes double damage from attacks, and attacks can't miss."
"Metacognition, 15 PP; Status, Psychic; Self. For the next 3 turns, once per turn, the user can choose to have any attack that hits it to deal half damage. Alternatively, the user can choose to have any attack it hits to ignore immunities and resistances."
"Absolute Zero, 15 PP; Special, Ice; Melee. Deals 4d10 + Sp. Attack modifier damage. If the target is at or below 10% of its maximum HP, it automatically faints when being damaged by this move. If the target is frostbitten, the target automatically faints when it is at or below 20% of its maximum HP instead."
"Dragonfire, 15 PP; Special, Dragon; 30ft line. Make a separate attack on each target, moving to the end of the line. Deals 3d12 + Sp. Attack modifier damage, and if this move knocks out a target, it can be used again."
"Void Shift, 15 PP; Status, Dark; 30ft radius. Make a separate attack based on Attack against each target. On hit, the target has all of its positive stat changes reduced to neutral, and any negative stat changes they have decreased by an additional 1 stage."
"Mist Wave, 15 PP; Special, Fairy; 25ft line. Deals 3d12 + Sp. Attack modifier damage. If Misty Terrain is active, the move becomes a 25ft cone and deals 5d12 + Sp. Attack modifier damage instead, and the move ignores all target's positive stat changes."